SMILES,label
CC(C)NC[C@@H](O)COc1cccc2ccccc12,0
CC/C=C/C[C@@H](C)[C@@H](O)[C@H]1C(=O)N[C@@H](CC)C(=O)N(C)CC(=O)N(C)[C@@H](C(C)C)C(=O)N[C@H](C(C)C)C(=O)N(C)[C@H](CC(C)C)C(=O)N[C@@H](C)C(=O)N[C@H](C)C(=O)N(C)[C@@H](CC(C)C)C(=O)N(C)[C@@H](CC(C)C)C(=O)N(C)[C@@H](C(C)C)C(=O)N1C,0
CC[C@H](C)[C@@H]1NC(=O)CCCCCCCNC(=O)[C@H](C(C)C)N(C)C(=O)[C@@H]([C@@H](C)CC)OC(=O)[C@H](C(C)(C)O)N(C)C(=O)[C@H](CC(C)C)NC(=O)[C@H](C(C)C)N(C)C1=O,0
CC[C@H](C)[C@@H]1NC(=O)[C@@H]2CCCN2C(=O)[C@H](Cc2ccccc2)N(C)C(=O)[C@H](Cc2ccccc2)NC(=O)[C@H](C(C)C)N(C)C(=O)[C@@H]([C@@H](C)CC)OC(=O)C(=C(C)C)N(C)C(=O)[C@H](CC(C)C)NC(=O)[C@H](C(C)C)N(C)C1=O,0
C/C=C/C[C@@H](C)[C@@H](O)[C@H]1C(=O)N[C@@H](CC)C(=O)N(C)CC(=O)N[C@@H]([C@@H](C)CC)C(=O)N[C@H](C(C)C)C(=O)N(C)[C@H](CC(C)C)C(=O)N[C@@H](C)C(=O)N[C@H](C)C(=O)N(C)[C@@H](CC(C)C)C(=O)N(C)[C@@H](CC(C)C)C(=O)N(C)[C@@H](C(C)C)C(=O)N1C,0
C/C=C/C[C@@H](C)[C@@H](O)[C@H]1C(=O)N[C@@H](CC)C(=O)N(C)CC(=O)N(C)[C@H](CC(C)C)C(=O)N[C@H](C(C)C)C(=O)N(C)[C@H](CC(C)C)C(=O)N[C@@H](C)C(=O)N[C@H](C)C(=O)N(C)[C@@H](CC(C)C)C(=O)N(C)[C@@H](CC(C)C)C(=O)N(C)[C@@H](C)C(=O)N1C,0
CC/C=C/C[C@@H](C)[C@@H](O)[C@H]1C(=O)N[C@@H](CC)C(=O)N(C)[C@@H](Cc2ccccc2)C(=O)N(C)[C@H](CC(C)C)C(=O)N[C@H](C(C)C)C(=O)N(C)[C@H](CC(C)C)C(=O)N[C@@H](C)C(=O)N[C@H](C)C(=O)N(C)[C@@H](CC(C)C)C(=O)N(C)[C@@H](CC(C)C)C(=O)N(C)[C@@H](C(C)C)C(=O)N1C,0
CC/C=C/C[C@@H](C)C[C@H]1C(=O)N[C@@H](C(C)C)C(=O)N(C)CC(=O)N(C)[C@H](CC(C)C)C(=O)N[C@@H](C(C)C)C(=O)N(C)[C@H](CC(C)C)C(=O)N[C@@H](C)C(=O)N[C@H](C)C(=O)N(C)[C@@H](CC(C)C)C(=O)N(C)[C@@H](CC(C)C)C(=O)N(C)[C@@H](C(C)C)C(=O)N1C,0
CC[C@H](C)[C@@H]1NC(=O)[C@@H]2CCCN2C(=O)[C@@H](CO)N(C)C(=O)[C@H](C2CCCCC2)NC(=O)[C@H](C(C)C)N(C)C(=O)[C@@H]([C@@H](C)CC)OC(=O)[C@H](C(C)(C)O)N(C)C(=O)[C@H](CC(C)C)NC(=O)[C@H](C(C)C)N(C)C1=O,0
CC[C@H](C)[C@@H]1NC(=O)[C@@H]2CCCN2C(=O)[C@@H](C)N(C)C(=O)[C@H](Cc2ccccc2)NC(=O)[C@H](C(C)C)N(C)C(=O)[C@@H]([C@@H](C)CC)OC(=O)[C@H](C(C)(C)O)N(C)C(=O)[C@H](CC(C)C)NC(=O)[C@H](C(C)C)NC1=O,0
CC[C@H](C)[C@@H]1NC(=O)[C@@H]2CCCN2C(=O)[C@H](Cc2ccccc2)N(C)C(=O)[C@H](Cc2ccccc2)NC(=O)[C@H](C(C)C)N(C)C(=O)[C@@H]([C@@H](C)CC)OC(=O)[C@H](C(C)(C)O)N(C)C(=O)[C@H](CC(C)C)NC(=O)[C@H](C(C)C)NC1=O,0
CC[C@H](C)[C@@H]1NC(=O)[C@@H]2CCCN2C(=O)[C@@H](C)N(C)C(=O)[C@H](Cc2ccc(O)cc2)NC(=O)[C@H](C(C)C)N(C)C(=O)[C@@H]([C@@H](C)CC)OC(=O)[C@H](C(C)(C)O)N(C)C(=O)[C@H](CC(C)C)NC(=O)[C@H](C(C)C)N(C)C1=O,0
CC[C@H](C)[C@@H]1NC(=O)[C@@H]2CCCN2C(=O)[C@H](Cc2ccccc2)N(C)C(=O)[C@H](Cc2ccccc2)NC(=O)[C@H](C(C)C)N(C)C(=O)[C@@H]([C@@H](C)CC)OC(=O)[C@H](C(C)(C)O)N(C)C(=O)[C@H](CC(C)C)NC(=O)[C@H](C(C)C)N(C)C1=O,0
C/C=C/C[C@@H](C)[C@@H](O)[C@H]1C(=O)N[C@@H]([C@@H](C)O)C(=O)N(C)CC(=O)N(C)[C@H](CC(C)C)C(=O)N[C@@H](CC(C)C)C(=O)N(C)[C@H](CC(C)C)C(=O)N[C@@H](C)C(=O)N[C@](O)(C(C)C)C(=O)N(C)[C@@H](CC(C)C)C(=O)N[C@@H](CC(C)C)C(=O)N(C)[C@@H](C(C)C)C(=O)N1C,0
CC[C@@H]1NC(=O)[C@H](CC(C)C)N(C)C(=O)[C@H](C(C)C)N(C)C(=O)[C@H](CC(C)C)N(C)C(=O)[C@H](CC(C)C)N(C)C(=O)[C@@H](C)NC(=O)[C@H](C)NC(=O)[C@@H](CC(C)C)N(C)C(=O)[C@@H](C(C)C)NC(=O)[C@@H](CC(C)C)N(C)C(=O)CN(C)C1=O,0
C/C=C/C[C@@H](C)[C@@H](O)[C@H]1C(=O)N[C@@H](CC)C(=O)N(C)CC(=O)N(C)[C@H](CC(C)C)C(=O)N[C@H](C(C)C)C(=O)N(C)[C@H](CC(C)C)C(=O)N[C@@H](C)C(=O)N[C@H](C)C(=O)N(C)[C@@H](CC(C)C)C(=O)N(C)[C@@H](CC(C)C)C(=O)N(C)[C@@H]([C@@H](C)CC)C(=O)N1C,0
C/C=C/C[C@@H](C)[C@@H](O)[C@H]1C(=O)N[C@@H](CC)C(=O)N(C)CC(=O)N(C)[C@H](CC(C)C)C(=O)N[C@H](C(C)C)C(=O)N[C@@H](CC(C)C)C(=O)N[C@@H](C)C(=O)N[C@H](C)C(=O)N(C)[C@@H](CC(C)C)C(=O)N(C)[C@@H](CC(C)C)C(=O)N(C)[C@@H](C(C)C)C(=O)N1C,0
C/C=C/C[C@@H](C)[C@@H](O)[C@H]1C(=O)N[C@@H]([C@@H](C)O)C(=O)N(C)CC(=O)N[C@@H](CC(C)C)C(=O)N[C@@H](CC(C)C)C(=O)N(C)[C@H](CC(C)C)C(=O)N[C@@H](C)C(=O)N[C@](O)(C(C)C)C(=O)N(C)[C@@H](CC(C)C)C(=O)N[C@@H](CC(C)C)C(=O)N(C)[C@@H](C(C)C)C(=O)N1C,0
C/C=C/C[C@@H](C)[C@@H](O)C1NC(=O)[C@H](C(C)C)N(C)C(=O)[C@H](CC(C)C)N(C)C(=O)[C@H](CC(C)C)N(C)C(=O)[C@@H](C)NC(=O)[C@H](C)NC(=O)[C@@H](CC(C)C)N(C)C(=O)[C@@H](C(C)C)NC(=O)[C@@H](CC(C)C)N(C)C(=O)CN(C)C(=O)[C@H](CC)NC1=O,0
CC[C@H](C)[C@@H]1NC(=O)[C@@H]2CCCN2C(=O)[C@H]([C@H](O)c2ccccc2)N(C)C(=O)[C@H](Cc2ccccc2)NC(=O)[C@H](C(C)C)N(C)C(=O)[C@@H]([C@@H](C)CC)OC(=O)[C@H](C(C)C)N(C)C(=O)[C@H](CC(C)C)NC(=O)[C@H](C(C)C)N(C)C1=O,0
CC[C@H](C)[C@@H]1NC(=O)[C@@H]2CCCN2C(=O)[C@H](Cc2ccccc2)N(C)C(=O)[C@H](Cc2ccccc2)NC(=O)[C@H](C(C)C)N(C)C(=O)[C@@H](C(C)C)OC(=O)[C@H](C(C)(C)O)N(C)C(=O)[C@H](CC(C)C)NC(=O)[C@H](C(C)C)N(C)C1=O,0
CC[C@H](C)[C@@H]1NC(=O)[C@@H]2CCCN2C(=O)[C@H](Cc2ccccc2)N(C)C(=O)[C@H](Cc2ccccc2)NC(=O)[C@H](C(C)C)N(C)C(=O)[C@@H]([C@@H](C)CC)OC(=O)[C@]2(OC2(C)C)N(C)C(=O)[C@H](CC(C)C)NC(=O)[C@H](C(C)C)N(C)C1=O,0
CC[C@H](C)[C@@H]1NC(=O)[C@@H]2CCCN2C(=O)[C@H](Cc2ccccc2)N(C)C(=O)[C@H](C2CCCCC2)NC(=O)[C@H](C(C)C)N(C)C(=O)[C@@H]([C@@H](C)CC)OC(=O)[C@H](C(C)(C)O)N(C)C(=O)[C@H](CC(C)C)NC(=O)[C@H](C(C)C)N(C)C1=O,0
C/C=C/C[C@@H](C)C[C@H]1C(=O)N[C@@H](CC)C(=O)N(C)CC(=O)N(C)[C@H](CC(C)C)C(=O)N[C@H](C(C)C)C(=O)N(C)[C@H](CC(C)C)C(=O)N[C@@H](C)C(=O)N[C@H](C)C(=O)N(C)[C@@H](CC(C)C)C(=O)N(C)[C@@H](CC(C)C)C(=O)N(C)[C@@H](C(C)C)C(=O)N1C,0
CC/C=C/C[C@@H](C)[C@@H](O)[C@H](NC(=O)[C@@H](NC(=O)[C@H](CC(C)C)N(C)C(=O)[C@H](CC(C)C)NC(=O)[C@@H](C)NC(=O)[C@H](C)NC(=O)[C@@H](CC(C)C)NC(=O)[C@H](NC(=O)[C@@H](CC(C)C)N(C)C=O)C(C)C)C(C)C)C(=O)N[C@@H](CC)C(=O)N1CCC[C@H]1C,0
CC[C@H](C)[C@@H]1NC(=O)[C@@H]2CCCN2C(=O)[C@H]([C@H](O)c2ccccc2)N(C)C(=O)[C@H](Cc2ccccc2)NC(=O)[C@H](C(C)C)N(C)C(=O)[C@@H]([C@@H](C)CC)OC(=O)[C@H](C(C)(C)O)N(C)C(=O)[C@H](CC(C)C)NC(=O)[C@H](C(C)C)N(C)C1=O,0
CC[C@H](C)[C@@H]1NC(=O)[C@@H]2CCCN2C(=O)[C@@H](Cc2ccccc2)N(C)C(=O)[C@H](Cc2ccccc2)NC(=O)[C@H](C(C)C)N(C)C(=O)[C@@H]([C@@H](C)CC)OC(=O)[C@H](C(C)(C)O)N(C)C(=O)[C@H](CC(C)C)NC(=O)[C@H](C(C)C)N(C)C1=O,0
CC[C@H](C)[C@@H]1NC(=O)[C@@H]2CCCN2C(=O)[C@H](Cc2ccccc2)N(C)C(=O)[C@H](Cc2ccccc2)NC(=O)[C@H](C(C)C)N(C)C(=O)[C@@H]([C@@H](C)CC)OC(=O)[C@H](C(C)(C)O)N(C)C(=O)[C@H](CC(C)C)NC(=O)C(C(C)C)OC1=O,0
CC[C@H](C)[C@H]1OC(=O)[C@H](C(C)(C)O)N(C)C(=O)[C@H](CC(C)C)NC(=O)[C@H](C(C)C)N(C)C(=O)[C@H](C(C)C)NC(=O)[C@@H]2CCCN2C(=O)[C@H](Cc2ccccc2)N(C)C(=O)[C@H](Cc2ccccc2)NC(=O)[C@H](C(C)C)N(C)C1=O,0
CC[C@H](C)[C@@H]1NC(=O)[C@@H]2CCCN2C(=O)[C@@H](C)N(C)C(=O)[C@H](Cc2ccc(OCC3CCCCC3)cc2)NC(=O)[C@H](C(C)C)N(C)C(=O)[C@@H]([C@@H](C)CC)OC(=O)[C@H](C(C)(C)O)N(C)C(=O)[C@H](CC(C)C)NC(=O)[C@H](C(C)C)N(C)C1=O,0
CC[C@H](C)[C@@H]1NC(=O)[C@@H]2CCCN2C(=O)[C@H](Cc2ccccc2)N(C)C(=O)[C@H](Cc2ccccc2)NC(=O)[C@H](C(C)C)N(C)C(=O)[C@@H]([C@@H](C)CC)OC(=O)CN(C)C(=O)[C@H](CC(C)C)NC(=O)[C@H](C(C)C)N(C)C1=O,0
CC[C@H](C)[C@@H]1NC(=O)[C@@H]2CCCN2C(=O)[C@H](Cc2ccccc2)N(C)C(=O)[C@H](Cc2ccccc2)NC(=O)[C@H](C(C)C)N(C)C(=O)[C@@H]([C@@H](C)CC)OC(=O)[C@@H](C(C)(C)O)N(C)C(=O)[C@H](CC(C)C)NC(=O)[C@H](C(C)C)N(C)C1=O,0
CC[C@H](C)[C@@H]1NC(=O)[C@@H]2CCCN2C(=O)[C@H](Cc2ccccc2)N(C)C(=O)[C@H](Cc2ccccc2)NC(=O)[C@H](C(C)C)N(C)C(=O)[C@@H]([C@@H](C)CC)OC(=O)C(C(C)(C)O)N(C)C(=O)[C@H](CC(C)C)NC(=O)[C@H](C(C)C)N(C)C1=O,0
CC[C@H](C)[C@@H]1NC(=O)[C@@H]2CCCN2C(=O)[C@H](Cc2ccccc2)N(C)C(=O)[C@H](Cc2ccccc2)NC(=O)[C@H](C(C)C)N(C)C(=O)[C@@H]([C@@H](C)CC)OC(=O)[C@H](C(C)C)N(C)C(=O)[C@H](CC(C)C)NC(=O)[C@H](C(C)C)NC1=O,0
CC[C@H](C)[C@@H]1NC(=O)[C@@H]2CCCN2C(=O)[C@H](Cc2ccccc2)N(C)C(=O)[C@H](Cc2ccccc2)NC(=O)[C@H](C(C)C)N(C)C(=O)[C@@H]([C@@H](C)CC)OC(=O)[C@H]([C@H](C)CO)N(C)C(=O)[C@H](CC(C)C)NC(=O)[C@H](C(C)C)N(C)C1=O,0
COCO[C@H]1CC(=O)O[C@H](C)[C@H](C)C(=O)OCC(=O)N(C)[C@H]1Cc1ccccc1,0
COCO[C@@H]1CC(=O)O[C@H](C)[C@H](C)C(=O)O[C@@H](C(C)C)C(=O)N(C)[C@H]1Cc1ccccc1,0
CCCC[C@H]1OC(=O)C[C@H](OCOC)[C@H](Cc2ccccc2)N(C)C(=O)COC(=O)[C@H]1C,0
C/C=C/C[C@@H](C)[C@@H](O)[C@H]1C(=O)N[C@@H](C(C)C)C(=O)N(C)CC(=O)N(C)[C@H](CC(C)C)C(=O)N[C@H](C(C)C)C(=O)N(C)[C@H](CC(C)C)C(=O)N[C@@H](C)C(=O)N[C@H](C)C(=O)N(C)[C@@H](CC(C)C)C(=O)N[C@@H](CC(C)C)C(=O)N(C)[C@@H](C(C)C)C(=O)N1C,0
COCO[C@@H]1CC(=O)OC[C@H](C)C(=O)O[C@@H](C(C)C)C(=O)N(C)[C@H]1Cc1ccccc1,0
COC(=O)C[C@@H](O)[C@H](Cc1ccccc1)N(C)C(=O)OCc1ccccc1,0
CC(C)[C@@H]1OC(=O)[C@@H](C)COC(=O)C[C@@H](O)[C@H](Cc2ccccc2)N(C)C1=O,0
C=C[C@H](C)[C@H]1C(=O)N(C)[C@@H]([C@H](O)[C@H](C)C/C=C/C)C(=O)N[C@@H](CC)C(=O)N(C)CC(=O)N(C)[C@H](CC(C)C)C(=O)N[C@H](C(C)C)C(=O)N(C)[C@H](CC(C)C)C(=O)N[C@@H](C)C(=O)N[C@H](C)C(=O)N(C)[C@@H](CC(C)C)C(=O)N(C)[C@@H](CC(C)C)C(=O)N1C,0
C/C=C/C[C@@H](C)[C@@H](O)[C@H]1C(=O)N[C@@H]([C@@H](C)O)C(=O)N(C)CC(=O)N(C)[C@H](CC(C)C)C(=O)N[C@H](C(C)C)C(=O)N(C)[C@H](CC(C)C)C(=O)N[C@@H](C)C(=O)N[C@H](C)C(=O)N(C)[C@@H](CC(C)C)C(=O)N[C@@H](CC(C)C)C(=O)N(C)[C@@H](C(C)C)C(=O)N1C,0
C/C=C/C[C@@H](C)[C@@H](O)[C@H]1C(=O)N[C@@H]([C@@H](C)O)C(=O)N(C)CC(=O)N(C)[C@H](CC(C)C)C(=O)N[C@@H](CC(C)C)C(=O)N(C)[C@H](CC(C)C)C(=O)N[C@@H](C)C(=O)N[C@H](C)C(=O)N(C)[C@@H](CC(C)C)C(=O)N[C@@H](CC(C)C)C(=O)N(C)[C@@H](C(C)C)C(=O)N1C,0
CC/C=C/C[C@@H](C)[C@@H](O)[C@H]1C(=O)N[C@@H](CC)C(=O)N(C)CC(=O)N(C)[C@H](CC(C)C)C(=O)N[C@H](C(C)C)C(=O)N(C)[C@@H](C)C(=O)N[C@@H](C)C(=O)N[C@H](C)C(=O)N(C)[C@@H](CC(C)C)C(=O)N(C)[C@@H](CC(C)C)C(=O)N(C)[C@@H](C(C)C)C(=O)N1C,0
C/C=C/C[C@@H](C)[C@@H](O)[C@H]1C(=O)N[C@@H]([C@@H](C)O)C(=O)N(C)CC(=O)N(C)[C@H](CC(C)C)C(=O)N[C@@H]([C@@H](C)CC)C(=O)N(C)[C@H](CC(C)C)C(=O)N[C@@H](C)C(=O)N[C@H](C)C(=O)N(C)[C@@H](CC(C)C)C(=O)N(C)[C@@H](CC(C)C)C(=O)N(C)[C@@H](C(C)C)C(=O)N1C,0
COCO[C@H](CC(=O)OC)[C@H](Cc1ccccc1)N(C)C(=O)OCc1ccccc1,0
CCCCCCC[C@@H](O)[C@H](C)C(=O)O[C@H](C(=O)OC)C(C)C,0
CC(C)[C@@H]1OC(=O)[C@@H](C)[C@@H](C)OC(=O)C[C@@H](O)[C@H](Cc2ccccc2)N(C)C1=O,0
CCCC[C@H]1OC(=O)C[C@H](O)[C@H](Cc2ccccc2)N(C)C(=O)COC(=O)[C@H]1C,0
C/C=C/C[C@@H](C)[C@@H](O)C1NC(=O)[C@H](C(C)C)N(C)C(=O)[C@H](CC(C)C)N(C)C(=O)[C@H](CC(C)C)N(C)C(=O)[C@@H](C)NC(=O)[C@H](C)NC(=O)[C@@H](CC(C)C)N(C)C(=O)[C@@H](C(C)C)NC(=O)[C@@H](CC(C)C)N(C)C(=O)CN(C)C(=O)[C@H](C(C)C)NC1=O,0
C/C=C/C[C@@H](C)[C@@H](O)[C@H]1C(=O)N[C@@H](CCC)C(=O)N(C)CC(=O)N(C)[C@H](CC(C)C)C(=O)N[C@H](C(C)C)C(=O)N(C)[C@H](CC(C)C)C(=O)N[C@@H](C)C(=O)N[C@H](C)C(=O)N(C)[C@@H](CC(C)C)C(=O)N[C@@H](CC(C)C)C(=O)N(C)[C@@H](C(C)C)C(=O)N1C,0
C/C=C/CC(C)C(C)[C@H]1C(=O)N[C@@H](CC)C(=O)N(C)CC(=O)N(C)[C@@H](CC(C)C)C(=O)N[C@@H](C(C)C)C(=O)N(C)[C@@H](CC(C)C)C(=O)N[C@@H](C)C(=O)N[C@H](C)C(=O)N(C)[C@@H](CC(C)C)C(=O)N(C)[C@@H](CC(C)C)C(=O)N(C)[C@H](C(C)C)C(=O)N1C,0
Oc1ccc(/C=C/c2cc(O)cc(O)c2)cc1,0
CC/C=C/C[C@@H](C)[C@@H](O)[C@H]1C(=O)N[C@@H](C)C(=O)N(C)CC(=O)N(C)[C@H](CC(C)C)C(=O)N[C@H](C(C)C)C(=O)N(C)[C@H](CC(C)C)C(=O)N[C@@H](C)C(=O)N[C@H](C)C(=O)N(C)[C@@H](CC(C)C)C(=O)N(C)[C@@H](CC(C)C)C(=O)N(C)[C@@H](C(C)C)C(=O)N1C,0
COC(=O)N1C2C3C4N(C(=O)OC)C5C(C1[C@]5(CO)[C@H]3c1ccccc1)[C@@H](c1ccccc1)[C@@]24CO,0
O=C(Oc1ccccc1)N1C2C3C4N(C(=O)Oc5ccccc5)C5C(C1[C@]5(CO)[C@H]3c1ccccc1)[C@@H](c1ccccc1)[C@@]24CO,0
OC[C@]12C3C4C1N(Cc1ccccc1)C1C(C(N3Cc3ccccc3)[C@]1(CO)[C@H]4c1ccccc1)[C@H]2c1ccccc1,0
Oc1ccc(-c2ccccc2-c2cc(O)cc(O)c2)cc1,0
Oc1ccc(-c2cccc(-c3cc(O)cc(O)c3)c2)cc1,0
Oc1ccc(-c2ccc(-c3cc(O)cc(O)c3)cc2)cc1,0
COc1ccc(-c2ccccc2-c2cc(OC)cc(OC)c2)cc1,0
COc1cc(OC)cc(-c2ccccc2-c2ccc(O)cc2)c1,0
COc1ccc(-c2cccc(-c3cc(OC)cc(OC)c3)c2)cc1,0
COc1cc(OC)cc(-c2cccc(-c3ccc(O)cc3)c2)c1,0
COc1cc(OC)cc(-c2ccc(-c3ccc(O)cc3)cc2)c1,0
CC/C=C/C[C@@H](C)[C@@H](O)[C@H]1C(=O)N[C@@H]([C@@H](C)O)C(=O)N(C)CC(=O)N(C)[C@H](CC(C)C)C(=O)N[C@H](C(C)C)C(=O)N(C)[C@H](CC(C)C)C(=O)N[C@@H](C)C(=O)N[C@H](C)C(=O)N(C)[C@@H](CC(C)C)C(=O)N(C)[C@@H](CC(C)C)C(=O)N(C)[C@@H](C(C)C)C(=O)N1C,0
CC[C@@H]1NC(=O)[C@H](CC2CCCCC2)N(C)C(=O)[C@H](C(C)C)N(C)C(=O)[C@H](CC(C)C)N(C)C(=O)[C@H](CC(C)C)N(C)C(=O)[C@@H](C)NC(=O)[C@H](C)NC(=O)[C@@H](CC(C)C)N(C)C(=O)[C@@H](C(C)C)NC(=O)[C@@H](CC(C)C)N(C)C(=O)CN(C)C1=O,0
CC[C@@H]1NC(=O)[C@H]([C@H](O)[C@H](C)C/C=C/CO)N(C)C(=O)[C@H](C(C)C)N(C)C(=O)[C@H](CC(C)C)N(C)C(=O)[C@H](CC(C)C)N(C)C(=O)[C@@H](C)NC(=O)[C@H](C)NC(=O)[C@@H](CC(C)C)N(C)C(=O)[C@@H](C(C)C)NC(=O)[C@@H](CC(C)C)N(C)C(=O)CN(C)C1=O,0
Oc1cc(O)cc(-c2ccc3cc(O)ccc3c2)c1,0
COc1cc(OC)cc(-c2ccc3cc(O)ccc3c2)c1,0
COc1cc(/C=C/c2cc(Cl)ccc2O)cc(OC)c1,0
CCOc1cc(/C=C/c2cc(OC)cc(OC)c2)ccc1O,0
COc1cc(/C=C/c2cccc(OC)c2O)cc(OC)c1,0
COc1ccc(/C=C/c2cc(OC)cc(OC)c2)cc1,0
COc1cc(/C=C/c2ccccc2O)cc(OC)c1,0
COc1ccc(CCN(C)CC#CCN2C(=O)C3C4c5ccccc5C(c5ccccc54)C3C2=O)cc1OC,0
COc1ccc(CCN(C)CCN2C(=O)C3C4c5ccccc5C(c5ccccc54)C3C2=O)cc1OC,0
COc1ccc(CCN(C)CCCN2C(=O)C3C4c5ccccc5C(c5ccccc54)C3C2=O)cc1OC,0
COc1cccc(CCc2ccccc2OCc2cccc(OC)c2OC)c1,0
COc1cccc(CCc2ccccc2OCc2ccc(OC)c(OC)c2)c1,0
COc1cccc(CCc2ccccc2NCc2cccc(OC)c2OC)c1,0
COc1cccc(CCc2ccccc2NCc2ccc(OC)c(OC)c2)c1,0
CCC[C@@H]1NC(=O)[C@H](CC(C)C)N(C)C(=O)[C@H](C(C)C)N(C)C(=O)[C@H](CC(C)C)N(C)C(=O)[C@H](CC(C)C)N(C)C(=O)[C@@H](C)NC(=O)[C@H](C)NC(=O)[C@@H](CC(C)C)N(C)C(=O)[C@H](C(C)C)NC(=O)[C@@H](CC(C)C)N(C)C(=O)CN(C)C1=O,0
C/C=C/C[C@@H](C)[C@@H](O)[C@H]1C(=O)N[C@@H](CCC)C(=O)N(C)CC(=O)N(C)[C@H](CC(C)C)C(=O)N[C@@H](CCC)C(=O)N(C)[C@H](CC(C)C)C(=O)NC(C)C(=O)N[C@H](C)C(=O)N(C)[C@@H](CC(C)C)C(=O)N(C)[C@@H](CC(C)C)C(=O)N(C)[C@@H](C(C)C)C(=O)N1C,0
C/C=C/C[C@@H](C)[C@@H](O)[C@H]1C(=O)N[C@@H](CC)C(=O)N(C)CC(=O)N(C)[C@H](CC(C)C)C(=O)N[C@H](C(C)C)C(=O)N(C)[C@H](CC(C)C)C(=O)N[C@@H](C)C(=O)N[C@H](C)C(=O)N(C)[C@@H](CC(C)C)C(=O)N(C)[C@@H](CC(C)C)C(=O)N[C@@H](C(C)C)C(=O)N1C,0
CC/C=C/C[C@@H](C)[C@@H](O)[C@H]1C(=O)N[C@@H](C(C)C)C(=O)N(C)CC(=O)N(C)[C@H](CC(C)C)C(=O)N[C@H](C(C)C)C(=O)N(C)[C@H](CC(C)C)C(=O)N[C@@H](C)C(=O)N[C@H](C)C(=O)N(C)[C@@H](CC(C)C)C(=O)N(C)[C@@H](CC(C)C)C(=O)N(C)[C@@H](C(C)C)C(=O)N1C,0
CC/C=C/C[C@@H](C)[C@@H](O)[C@H]1C(=O)N[C@@H](CC)C(=O)N(C)CC(=O)N(C)[C@@H]([C@@H](C)CC)C(=O)N[C@H](C(C)C)C(=O)N(C)[C@H](CC(C)C)C(=O)N[C@@H](C)C(=O)N[C@H](C)C(=O)N(C)[C@@H](CC(C)C)C(=O)N(C)[C@@H](CC(C)C)C(=O)N(C)[C@@H](C(C)C)C(=O)N1C,0
CC/C=C/C[C@@H](C)[C@@H](O)[C@H]1C(=O)N[C@@H](CC)C(=O)N(C)CC(=O)N(C)[C@H](CC(C)C)C(=O)N[C@H](C(C)C)C(=O)N(C)[C@H](CC(C)C)C(=O)N[C@@H](C)C(=O)N[C@H](CCCCN)C(=O)N(C)[C@@H](CC(C)C)C(=O)N(C)[C@@H](CC(C)C)C(=O)N(C)[C@@H](C(C)C)C(=O)N1C,0
CC/C=C/C[C@@H](C)[C@@H](O)[C@H]1C(=O)N[C@@H](CC)C(=O)N(C)CC(=O)N(C)[C@H](CC(C)C)C(=O)N[C@H](C(C)C)C(=O)N(C)[C@H](CC(C)C)C(=O)N[C@@H](C)C(=O)N[C@H](CO)C(=O)N(C)[C@@H](CC(C)C)C(=O)N(C)[C@@H](CC(C)C)C(=O)N(C)[C@@H](C(C)C)C(=O)N1C,0
C/C=C/C[C@@H](C)[C@@H](O)[C@H]1C(=O)N[C@@H](CC)C(=O)N(C)CC(=O)N(C)[C@H](CC(C)C)C(=O)N[C@H](C(C)C)C(=O)N(C)[C@H](CC(C)C)C(=O)N[C@@H](C)C(=O)N[C@H](C)C(=O)N(C)[C@@H](CC(C)C)C(=O)N[C@@H](CC(C)C)C(=O)N(C)[C@@H](C(C)C)C(=O)N1C,0
CC/C=C/C[C@@H](C)[C@@H](O)[C@H]1C(=O)N[C@@H](CC)C(=O)N(C)CC(=O)N(C)[C@H](CC(C)C)C(=O)N[C@H](C(C)C)C(=O)N(C)[C@H](CC(C)C)C(=O)N[C@@H](CC)C(=O)N[C@H](C)C(=O)N(C)[C@@H](CC(C)C)C(=O)N(C)[C@@H](CC(C)C)C(=O)N(C)[C@@H](C(C)C)C(=O)N1C,0
C/C=C/C[C@@H](C)[C@@H](O)[C@H]1C(=O)N[C@@H]([C@@H](C)O)C(=O)N(C)CC(=O)N(C)[C@H](CC(C)C)C(=O)N[C@@H](C(C)C)C(=O)N(C)[C@H](CC(C)C)C(=O)N[C@@H](C)C(=O)N[C@](O)(C(C)C)C(=O)N(C)[C@@H](CC(C)C)C(=O)N[C@@H](CC(C)C)C(=O)N(C)[C@@H](C(C)C)C(=O)N1C,0
C/C=C/C[C@@H](C)[C@@H](O)[C@H]1C(=O)N[C@@H]([C@@H](C)O)C(=O)N(C)CC(=O)N(C)[C@H](CC(C)C)C(=O)N[C@@H]([C@@H](C)CC)C(=O)N(C)[C@H](CC(C)C)C(=O)N[C@@H](C)C(=O)N[C@](O)(C(C)C)C(=O)N(C)[C@@H](CC(C)C)C(=O)N[C@@H](CC(C)C)C(=O)N(C)[C@@H](C(C)C)C(=O)N1C,0
CCCCCC[C@H]1C(=O)N[C@@H](CC)C(=O)N(C)CC(=O)N(C)[C@H](CC(C)C)C(=O)N[C@H](C(C)C)C(=O)N(C)[C@H](CC(C)C)C(=O)N[C@@H](C)C(=O)N[C@H](C)C(=O)N(C)[C@@H](CC(C)C)C(=O)N(C)[C@@H](CC(C)C)C(=O)N(C)[C@@H](C(C)C)C(=O)N1C,0
CC/C=C/C[C@@H](C)[C@@H](O)[C@H]1C(=O)N[C@@H](CCC)C(=O)N(C)CC(=O)N(C)[C@H](CC(C)C)C(=O)N[C@H](C(C)C)C(=O)N(C)[C@H](CC(C)C)C(=O)N[C@@H](C)C(=O)N[C@H](C)C(=O)N(C)[C@@H](CC(C)C)C(=O)N(C)[C@@H](CC(C)C)C(=O)N(C)[C@@H](C(C)C)C(=O)N1C,0
C/C=C/C[C@@H](C)[C@@H](O)C1NC(=O)[C@H](C(C)C)N(C)C(=O)[C@H](CC(C)C)N(C)C(=O)[C@H](CC(C)C)N(C)C(=O)[C@@H](C)NC(=O)[C@H](C)NC(=O)[C@@H](CC(C)C)N(C)C(=O)[C@@H](C(C)C)NC(=O)[C@@H](CC(C)C)N(C)C(=O)CN(C)C(=O)[C@H]([C@@H](C)O)NC1=O,0
CC[C@@H]1NC(=O)[C@H](C2CCCCC2C)N(C)C(=O)[C@H](C(C)C)N(C)C(=O)[C@H](CC(C)C)N(C)C(=O)[C@H](CC(C)C)N(C)C(=O)[C@@H](C)NC(=O)[C@@H](C)NC(=O)[C@@H](CC(C)C)N(C)C(=O)[C@@H](C(C)C)NC(=O)[C@@H](CC(C)C)N(C)C(=O)CN(C)C1=O,0
CC/C=C/C[C@@H](C)[C@@H](O)[C@H]1C(=O)N[C@@H](CC)C(=O)N(C)CC(=O)N(C)[C@@H](Cc2ccccc2)C(=O)N[C@H](C(C)C)C(=O)N(C)[C@H](CC(C)C)C(=O)N[C@@H](C)C(=O)N[C@H](C)C(=O)N(C)[C@@H](CC(C)C)C(=O)N(C)[C@@H](CC(C)C)C(=O)N(C)[C@@H](C(C)C)C(=O)N1C,0
C/C=C/C[C@@H](C)[C@@H](O)[C@H]1C(=O)N[C@@H](CCC)C(=O)N(C)CC(=O)N(C)[C@H](CC(C)C)C(=O)N[C@@H](CC(C)C)C(=O)N(C)[C@H](CC(C)C)C(=O)N[C@@H](C)C(=O)N[C@H](C)C(=O)N(C)[C@@H](CC(C)C)C(=O)N(C)[C@@H](CC(C)C)C(=O)N(C)[C@@H](C(C)C)C(=O)N1C,0
C/C=C/C[C@@H](C)[C@@H](O)[C@H]1C(=O)N[C@@H]([C@@H](C)O)C(=O)NCC(=O)N(C)[C@H](CC(C)C)C(=O)N[C@@H](CC(C)C)C(=O)N(C)[C@H](CC(C)C)C(=O)N[C@@H](C)C(=O)N[C@](O)(C(C)C)C(=O)N(C)[C@@H](CC(C)C)C(=O)N[C@@H](CC(C)C)C(=O)N(C)[C@@H](C(C)C)C(=O)N1C,0
CC/C=C/C[C@@H](C)[C@@H](O)[C@H](NC(=O)[C@@H](NC(=O)[C@H](CC(C)C)N(C)C(=O)[C@H](CC(C)C)NC(=O)[C@@H](C)NC(=O)[C@H](C)NC(=O)[C@@H](CC(C)C)NC(=O)[C@H](NC(=O)[C@@H](CC(C)C)N(C)C=O)C(C)C)C(C)C)C(=O)N[C@@H](CC)C(=O)N1CCC[C@@H]1C,0
C/C=C/C[C@@H](C)[C@@H](O)[C@H]1C(=O)N[C@@H](C)C(=O)N(C)CC(=O)N(C)[C@H](CC(C)C)C(=O)N[C@H](C(C)C)C(=O)N(C)[C@H](CC(C)C)C(=O)N[C@@H](C)C(=O)N[C@H](C)C(=O)N(C)[C@@H](CC(C)C)C(=O)N[C@@H](CC(C)C)C(=O)N(C)[C@@H](C(C)C)C(=O)N1C,0
C/C=C/C[C@@H](C)[C@@H](O)[C@H]1C(=O)N[C@@H]([C@@H](C)O)C(=O)N(C)CC(=O)N(C)[C@H](CC(C)C)C(=O)N[C@H](C(C)C)C(=O)N(C)[C@H](CC(C)C)C(=O)N[C@@H](C)C(=O)N[C@H](C)C(=O)N(C)[C@@H](CC(C)C)C(=O)N(C)[C@@H](CC(C)C)C(=O)N[C@@H](C(C)C)C(=O)N1C,0
CC(C)C[C@H]1C(=O)N(C)[C@@H](C(C)C)C(=O)N(C)[C@@H](CC(C)C)C(=O)N[C@@H](C(C)C)C(=O)N(C)CC(=O)N(C)[C@H](CC(C)C)C(=O)N[C@@H](C(C)C)C(=O)N(C)[C@H](CC(C)C)C(=O)N[C@@H](C)C(=O)N[C@H](C)C(=O)N(C)[C@@H](CC(C)C)C(=O)N1C,0
CC(C)C[C@@H]1NC(=O)[C@H](CC(C)C)N(C)C(=O)[C@@](O)(C(C)C)NC(=O)[C@H](C)NC(=O)[C@@H](CC(C)C)N(C)C(=O)[C@H](CC(C)C)NC(=O)[C@@H](CC(C)C)N(C)C(=O)CN(C)C(=O)[C@H]([C@@H](C)O)NC(=O)[C@H]([C@H](O)[C@H](C)C/C=C/CO)N(C)C(=O)[C@H](C(C)C)N(C)C1=O,0
C/C=C/C[C@@H](C)[C@@H](O)[C@H]1C(=O)N[C@@H]([C@@H](C)O)C(=O)N(C)CC(=O)N(C)[C@H](CC(C)C)C(=O)N[C@@H](CC(C)C)C(=O)N(C)[C@H](CC(C)C)C(=O)N[C@@H](C)C(=O)N[C@H](C)C(=O)N(C)[C@@H](CC(C)C)C(=O)N[C@@H](C)C(=O)N(C)[C@@H](C(C)C)C(=O)N1C,0
COc1cc(/C=C/c2ccc(O)cc2)cc(OC)c1,0
CN(C)c1ccc2c(-c3ccccc3)c3ccc(=[N+](C)C)cc-3sc2c1.[Br-],0
CN(C)c1ccc2c(-c3ccccc3)c3ccc(=[N+](C)C)cc-3[se]c2c1.[Br-],0
C[N+](C)=c1ccc2c(-c3ccccc3)c3cc4c5c(c3sc-2c1)CCCN5CCC4.F[P-](F)(F)(F)(F)F,0
CN(C)c1ccc(-c2c3ccc(=[N+](C)C)cc-3[se]c3c4c5c(cc23)CCCN5CCC4)cc1.[Br-],0
CN(C)c1ccc2c(-c3ccc(C(=S)N4CCCCC4)s3)c3ccc(=[N+](C)C)cc-3[se]c2c1.F[P-](F)(F)(F)(F)F,0
C[N+](C)=c1ccc2c(-c3ccc(C(=S)N4CCCCC4)s3)c3cc4c5c(c3[se]c-2c1)CCCN5CCC4.F[P-](F)(F)(F)(F)F,0
C[N+](C)=c1ccc2c(-c3ccc(C(=S)N4CCCCC4)s3)c3cc4c5c(c3[te]c-2c1)CCCN5CCC4.F[P-](F)(F)(F)(F)F,0
C[N+](C)=c1ccc2c(-c3ccc(C(=S)N4CCOCC4)s3)c3cc4c5c(c3sc-2c1)CCCN5CCC4.F[P-](F)(F)(F)(F)F,0
COc1cccc(CCc2ccccc2OCCN2CCN(c3cccc(Cl)c3)CC2)c1,0
CN(C)c1cccc(-c2c3ccc(=[N+](C)C)cc-3[se]c3c4c5c(cc23)CCCN5CCC4)c1.[Br-],0
COc1cccc(CCc2ccccc2OCCCN2CCN(c3cccc(Cl)c3)CC2)c1,0
COc1cccc(CCc2ccccc2OCCCCN2CCN(c3cccc(Cl)c3)CC2)c1,0
COc1cccc(CCc2ccccc2OCCCCCN2CCN(c3cccc(Cl)c3)CC2)c1,0
COc1cccc(CCc2ccccc2OCCN2CCN(c3cccc(C(F)(F)F)c3)CC2)c1,0
COc1cccc(CCc2ccccc2OCCCN2CCN(c3cccc(C(F)(F)F)c3)CC2)c1,0
COc1cccc(CCc2ccccc2OCCN2CCN(c3ccccc3OC)CC2)c1,0
COc1cccc(CCc2ccccc2OCCCN2CCN(c3ccccc3OC)CC2)c1,0
COc1cc2c(cc1OC)CN(CCc1ccc(NC(=O)C3Oc4ccccc4O3)cc1)CC2,0
COC(=O)c1ccc(C(=O)Nc2ccc(CCN3CCc4cc(OC)c(OC)cc4C3)cc2)cc1NC(=O)c1cnc2ccccc2c1,0
COc1cccc(CCc2ccccc2OCCCCN2CCN(c3ccccc3OC)CC2)c1,0
COc1cccc(CCc2ccccc2OCCCCCN2CCN(c3ccccc3OC)CC2)c1,0
COc1cccc(CCc2ccccc2OCCN2CCN(c3ccc(F)cc3)CC2)c1,0
COc1cccc(CCc2ccccc2OCCCN2CCN(c3ccc(F)cc3)CC2)c1,0
COc1cccc(CCc2ccccc2OCCCCN2CCN(c3ccc(F)cc3)CC2)c1,0
COc1cccc(CCc2ccccc2OCCCCCN2CCN(c3ccc(F)cc3)CC2)c1,0
COc1cccc(CCc2ccccc2OCCN2CCN(c3ncccn3)CC2)c1,0
COc1cccc(CCc2ccccc2OCCCN2CCN(c3ncccn3)CC2)c1,0
COc1cccc(CCc2ccccc2OCCCCCN2CCN(c3ncccn3)CC2)c1,0
COc1cccc(CCc2ccccc2OCCCN2CCN(C)CC2)c1,0
COc1cccc(CCc2ccccc2OCCCCCN2CCN(C)CC2)c1,0
COc1cccc(CCc2ccccc2OCCN2CCc3ccccc3C2)c1,0
COc1cccc(CCc2ccccc2OCCCCCN2CCc3ccccc3C2)c1,0
C[N+](C)=c1ccc2c(-c3ccc(C(=S)N4CCOCC4)s3)c3cc4c5c(c3[se]c-2c1)CCCN5CCC4.F[P-](F)(F)(F)(F)F,0
COc1cc2c(cc1OC)CN(CCc1ccc(NC(=O)c3ccc4ccccc4n3)cc1)CC2,0
COc1cc2c(cc1OC)CN(CCc1ccc(NC(=O)c3ccc4c(c3)OCO4)cc1)CC2,0
Cc1nc(COc2ccc(C[C@H](NC(=O)O[C@H]3CO[C@H]4OCC[C@@H]34)[C@H](O)CN(CC(C)C)S(=O)(=O)c3ccc4c(c3)OCO4)cc2)cs1,0
COC(=O)N[C@H](C(=O)N[C@@H](Cc1ccccc1)[C@@H](O)CN(Cc1ccc(-c2ccccn2)cc1)NC(=O)[C@@H](NC(=O)OC)C(C)(C)C)C(C)(C)C,0
COc1cc2c(cc1OC)CN(CCc1ccc(NC(=O)/C=C/c3ccccc3)cc1)CC2,0
COc1cc2c(cc1OC)CN(CCc1ccc(NC(=O)/C=C/c3ccccc3[N+](=O)[O-])cc1)CC2,0
COc1cc2c(cc1OC)CN(CCc1ccc(NC(=O)/C=C/c3ccc(Cl)cc3)cc1)CC2,0
COc1cc(/C=C/C(=O)Nc2ccc(CCN3CCc4cc(OC)c(OC)cc4C3)cc2)c([N+](=O)[O-])cc1OC,0
COc1cc2c(cc1OC)CN(CCc1ccc(NC(=O)COc3ccccc3)cc1)CC2,0
COc1cc2c(cc1OC)CN(CCc1ccc(NC(=O)COc3ccccc3[N+](=O)[O-])cc1)CC2,0
COc1cc2c(cc1OC)CN(CCc1ccc(NC(=O)COc3ccccc3N)cc1)CC2,0
COc1cc2c(cc1OC)CN(CCc1ccc(NC(=O)Nc3ccccc3[N+](=O)[O-])cc1)CC2,0
O=C(Nc1ccc(CCN2CCc3ccccc3C2)cc1)Nc1ccccc1[N+](=O)[O-],0
COc1cc2c(cc1OC)CN(CCc1ccc(NC(=O)Nc3cccc([N+](=O)[O-])c3)cc1)CC2,0
COc1cc2c(cc1OC)CN(CCc1ccc(NC(=O)Nc3ccc([N+](=O)[O-])cc3)cc1)CC2,0
COc1cc2c(cc1OC)CN(CCc1ccc(NC(=O)Nc3ccccc3N)cc1)CC2,0
Nc1ccccc1NC(=O)Nc1ccc(CCN2CCc3ccccc3C2)cc1,0
COc1cc2c(cc1OC)CN(CCc1ccc(NC(=O)Nc3cccc(N)c3)cc1)CC2,0
COc1cc2c(cc1OC)CN(CCc1ccc(NC(=O)Nc3ccc(N)cc3)cc1)CC2,0
COc1ccc2c(c1)C(=O)CC(c1ccccc1)O2,0
COc1cc2c(c(O)c1C)C(=O)CC(c1ccccc1)O2,0
COc1cc(OC)c2c(c1C)OC(c1ccccc1)CC2=O,0
COc1ccc2oc(-c3ccccc3)cc(=O)c2c1,0
COc1cc2oc(-c3ccc(O)cc3)c(OC)c(=O)c2c(O)c1OC,0
COc1cc(O)c2c(=O)c(OC)c(-c3ccc(OC)c(O)c3)oc2c1,0
COc1cc(O)c2c(=O)c(OC)c(-c3ccc(OC)c(OC)c3)oc2c1,0
COc1ccc(-c2cc(=O)c3c(OC)c(OC)c(OC)c(OC)c3o2)cc1,0
COc1ccc(-c2oc3c(OC)c(OC)c(OC)c(OC)c3c(=O)c2OC)cc1OC,0
COc1cc2oc(-c3ccccc3)cc(=O)c2c(OC)c1C,0
COC1=C(OC)[C@]2(OC)c3c(OC)c(OC)c4c(c3O[C@@]23O[C@@H](c2ccccc2)CC=C3C1=O)[C@@H](O)C[C@H](c1ccccc1)O4,0
COC1=C(OC)[C@]2(OC)c3c(OC)c(OC)c4c(c3O[C@@]23O[C@@H](c2ccccc2)CC=C3C1=O)[C@@H](OC)C[C@H](c1ccccc1)O4,0
COc1c2c(c3c(c1OC)[C@@]1(OC)C4=C(C(=O)[C@H](OC)[C@@]1(OC)O3)[C@H](OC)C[C@@H](c1ccccc1)O4)[C@H](O)C[C@@H](c1ccccc1)O2,0
CCOC(=O)C1=C[C@@H](OC(CC)CC)[C@H](NC(C)=O)[C@@H](N)C1,0
CC(C)(C)OC(=O)CC(C(=O)[C@H](Cc1ccc(OC(C)(C)C)cc1)NC(=O)OC(C)(C)C)S(=O)(=O)c1ccccc1,0
Cc1cc(C#N)cc(C)c1Oc1nc(Nc2ccc(C#N)cc2)nc(N)c1Br,0
O=C1NCCN1CCN1CCC(c2cn(-c3ccc(F)cc3)c3ccc(Cl)cc23)CC1,0
CC(C)(C)OC(=O)N[C@@H](CC(=O)OCc1ccccc1)C(=O)N[C@@H](CCCCNC(=O)OCc1ccccc1)C(=O)OC(C)(C)C,0
COCCOCO[C@@H]1/C=C\COC(=O)/C=C/[C@@H](OC)[C@@H]2C[C@@H](OC(=O)c3ccccc3)C(C)=C1C2(C)C,0
COCCOCO[C@@H]1/C=C\C(OC(C)=O)C(OC(C)=O)/C=C/[C@@H](OC)[C@@H]2CCC(C)=C1C2(C)C,0
CC(C)(C)c1ccc(C(=O)CCCN2CCC(OC(c3ccccc3)c3ccccc3)CC2)cc1,0
COc1cc(C(=O)Nc2ccc(Br)cc2)cc(OC)c1OC,0
COc1cc(C(=O)Nc2ccc(-c3ccccc3)cc2N)cc(OC)c1OC,0
COc1cc(C(=O)Nc2ccc(-c3ccccc3)cc2F)cc(OC)c1OC,0
COc1cc(C(=O)Nc2ccc(-c3ccccc3)cc2NC(C)=O)cc(OC)c1OC,0
CC(C)(C)OC(=O)[C@H](CCCCNC(=O)OCc1ccccc1)NC[C@@H]1C[C@@H](OCc2ccccc2)CN1C(=O)OC(C)(C)C,0
CC(C)(C)OC(=O)[C@H](CCCCNC(=O)OCc1ccccc1)NC(=O)[C@@H]1C[C@@H](OC(=O)C2CCCCC2)CN1C(=O)OC(C)(C)C,0
CC(C)(C)OC(=O)[C@H](CCCCNC(=O)OCc1ccccc1)NC(=O)[C@@H]1C[C@@H](OCc2ccccc2)CN1C(=O)OC(C)(C)C,0
CC(C)(C)OC(=O)[C@H](CCCCNC(=O)OCc1ccccc1)NC(=O)[C@@H]1C[C@@H](OCC2CCCCC2)CN1C(=O)OC(C)(C)C,0
C=C[C@H]1CN2CC[C@H]1C[C@H]2[C@H](OC(=O)CCc1cn(CCC(=O)O[C@H](c2ccnc3ccc(OC)cc23)[C@@H]2C[C@@H]3CCN2C[C@@H]3C=C)nn1)c1ccnc2ccc(OC)cc12,0
C=C[C@H]1CN2CC[C@H]1C[C@H]2[C@H](OC(=O)CCCCn1cc(CCC(=O)O[C@H](c2ccnc3ccc(OC)cc23)[C@@H]2C[C@@H]3CCN2C[C@@H]3C=C)nn1)c1ccnc2ccc(OC)cc12,0
C=C[C@H]1CN2CC[C@H]1C[C@H]2[C@H](OC(=O)CCCCCCn1cc(CCC(=O)O[C@H](c2ccnc3ccc(OC)cc23)[C@@H]2C[C@@H]3CCN2C[C@@H]3C=C)nn1)c1ccnc2ccc(OC)cc12,0
C=C[C@H]1CN2CC[C@H]1C[C@H]2[C@H](OC(=O)CCCCc1cn(CCCCC(=O)O[C@H](c2ccnc3ccc(OC)cc23)[C@@H]2C[C@@H]3CCN2C[C@@H]3C=C)nn1)c1ccnc2ccc(OC)cc12,0
C=C[C@H]1CN2CC[C@H]1C[C@H]2[C@H](OC(=O)CCCCCCn1cc(CCCCC(=O)O[C@H](c2ccnc3ccc(OC)cc23)[C@@H]2C[C@@H]3CCN2C[C@@H]3C=C)nn1)c1ccnc2ccc(OC)cc12,0
C=C[C@H]1CN2CC[C@H]1C[C@H]2[C@H](OC(=O)CCCCCCc1cn(CCCCC(=O)O[C@H](c2ccnc3ccc(OC)cc23)[C@@H]2C[C@@H]3CCN2C[C@@H]3C=C)nn1)c1ccnc2ccc(OC)cc12,0
C=C[C@H]1CN2CC[C@H]1C[C@H]2[C@H](OC(=O)CCCCCCc1cn(CCCCCCC(=O)O[C@H](c2ccnc3ccc(OC)cc23)[C@@H]2C[C@@H]3CCN2C[C@@H]3C=C)nn1)c1ccnc2ccc(OC)cc12,0
C=C[C@H]1CN2CC[C@H]1C[C@H]2[C@H](OC(=O)CCCCCCCCc1cn(CCCCCCCCC(=O)O[C@H](c2ccnc3ccc(OC)cc23)[C@@H]2C[C@@H]3CCN2C[C@@H]3C=C)nn1)c1ccnc2ccc(OC)cc12,0
Cc1cccc(N2CCN(CC(O)COc3ccccc3C(=O)c3ccccc3)CC2)c1C,0
Cc1cccc(N2CCN(CC(O)COc3cccc(C(=O)c4ccccc4)c3)CC2)c1C,0
Cc1cccc(N2CCN(CC(O)COc3ccc(C(=O)c4ccccc4)cc3)CC2)c1C,0
O=C(c1ccccc1)c1cccc(OCC(O)CN2CCN(c3ccc(F)cc3)CC2)c1,0
O=C(c1ccccc1)c1ccc(OCC(O)CN2CCN(c3ccc(F)cc3)CC2)cc1,0
O=C1CCc2ccc(OCCCCN3CCN(c4cccc(Cl)c4Cl)CC3)cc2N1,0
O=C(c1ccccc1)c1ccccc1OCC(O)CN1CCCCC1,0
O=C(c1ccccc1)c1cccc(OCC(O)CN2CCCCC2)c1,0
COc1cc(C(=O)Nc2cc(-c3ccccc3)ccc2[N+](=O)[O-])cc(OC)c1OC,0
COc1cc(C(=O)Nc2ccc(-c3cccs3)cc2[N+](=O)[O-])cc(OC)c1OC,0
COc1cc(C(=O)Nc2ccc(-c3cccnc3)cc2[N+](=O)[O-])cc(OC)c1OC,0
COc1cc(C(=O)Nc2ccc(-c3cc(F)cc(F)c3)cc2[N+](=O)[O-])cc(OC)c1OC,0
COc1cc(C(=O)Nc2ccc(-c3ccc4c(c3)OCO4)cc2[N+](=O)[O-])cc(OC)c1OC,0
COc1cc(C(=O)Nc2ccc(-c3cccc(C(C)=O)c3)cc2[N+](=O)[O-])cc(OC)c1OC,0
COc1cc(C(=O)Nc2ccc(-c3cc(OC)c(OC)c(OC)c3)cc2[N+](=O)[O-])cc(OC)c1OC,0
COc1cc(C(=O)Nc2ccc(-c3cccc([N+](=O)[O-])c3)cc2)cc(OC)c1OC,0
COc1cc(C(=O)Nc2ccc(-c3ccc[n+](C)c3)cc2[N+](=O)[O-])cc(OC)c1OC.[I-],0
COc1ccc(C(=O)Nc2ccc(-c3ccccc3)cc2[N+](=O)[O-])cc1OC,0
COc1cc(OC)cc(C(=O)Nc2ccc(-c3ccccc3)cc2[N+](=O)[O-])c1,0
COc1cc(CNc2ccc(-c3ccccc3)cc2[N+](=O)[O-])cc(OC)c1OC,0
COc1cc(NC(=O)c2ccc(-c3ccccc3)cc2[N+](=O)[O-])cc(OC)c1OC,0
CC(=O)c1cccc(-c2ccc(NC(=O)c3cc(O)c(O)c(O)c3)c([N+](=O)[O-])c2)c1,0
O=C(Nc1ccc(-c2ccccc2)cc1[N+](=O)[O-])c1ccc(O)c(O)c1,0
O=C(Nc1ccc(-c2ccccc2)cc1[N+](=O)[O-])c1cc(O)cc(O)c1,0
COc1cc(C(=O)Nc2ccc(Br)cc2[N+](=O)[O-])cc(O)c1O,0
COc1ccc(NC(=O)c2cc(O)c(O)c(OC)c2)c([N+](=O)[O-])c1,0
COc1cc(C(=O)Nc2cc(-c3ccccc3)ccc2[N+](=O)[O-])cc(O)c1O,0
COc1cc(C(=O)Nc2ccc(-c3cccs3)cc2[N+](=O)[O-])cc(O)c1O,0
COc1cc(C(=O)Nc2ccc(-c3ccccc3)cc2[N+](=O)[O-])cc(O)c1O,0
CCOC(=O)C1=C(COCCN)NC(C)=C(C(=O)OC)C1c1ccccc1Cl,0
COc1cc(C(=O)Nc2ccc(-c3cc(F)cc(F)c3)cc2[N+](=O)[O-])cc(O)c1O,0
COc1cc(C(=O)Nc2ccc(-c3cccc(C(C)=O)c3)cc2[N+](=O)[O-])cc(O)c1O,0
COc1cc(C(=O)Nc2ccc(-c3cc(O)c(O)c(OC)c3)cc2[N+](=O)[O-])cc(O)c1O,0
COc1cc(C(=O)Nc2ccc(-c3cccc([N+](=O)[O-])c3)cc2)cc(O)c1O,0
COc1cc(C(=O)Nc2ccc(-c3ccccc3)cc2F)cc(O)c1O,0
COc1ccc(C(=O)Nc2ccc(-c3ccccc3)cc2[N+](=O)[O-])cc1O,0
COc1cc(CNc2ccc(-c3ccccc3)cc2[N+](=O)[O-])cc(O)c1O,0
COc1ccc(CCN(C)CCCC(C#N)(c2ccc(O)c(O)c2)C(C)C)cc1OC,0
CCC(=O)N(c1ccccc1)C1(COC)CCN(CCn2nnn(CC)c2=O)CC1,0
CN(C)C(=O)C(CCN1CCC(O)(c2ccc(Cl)cc2)CC1)(c1ccccc1)c1ccccc1,0
CCC(=O)N(c1ccccc1)C1(COC)CCN(CCc2cccs2)CC1,0
CCC(=O)N(c1ccccc1)C1CCN(CCc2ccccc2)CC1,0
O=C(c1ccccc1)c1ccc(OCC(O)CN2CCCCC2)cc1,0
O=C(c1ccccc1)c1ccccc1OCC(O)CN1CCOCC1,0
O=C(c1ccccc1)c1ccc(OCC(O)CN2CCOCC2)cc1,0
Cc1ccccc1N1CCN(CC(O)COc2cccc(C(=O)c3ccccc3)c2)CC1,0
Cc1ccccc1N1CCN(CC(O)COc2ccc(C(=O)c3ccccc3)cc2)CC1,0
CCCNCC(O)COc1ccccc1C(=O)c1ccc(C)cc1,0
Cc1ccc(NC(=O)N2CCN(CC(O)COc3ccccc3C(=O)c3ccccc3)CC2)cc1,0
Cc1ccc(NC(=S)N2CCN(CC(O)COc3ccccc3C(=O)c3ccccc3)CC2)cc1,0
O=C(c1ccccc1)c1ccccc1OCC(O)CN1CCN(CC(O)COc2ccccc2C(=O)c2ccccc2)CC1,0
CC(=O)c1cc(C)ccc1OCC(O)CN1CCN(CC(O)COc2ccccc2C(=O)c2ccccc2)CC1,0
O[C@@H](COc1cccc2ncccc12)CN1CCN([C@@H]2c3ccccc3[C@@H]3[C@H](c4ccccc42)C3(F)F)CC1,0
CCOC/C=C/c1ccc(-c2nc(-c3ccc(NC(C)C)cc3)c(-c3ccc(NC(C)C)cc3)[nH]2)cc1,0
CC(C)CCC[C@@H](C)[C@H]1CC[C@H]2[C@@H]3CC=C4C[C@@H](O)CC[C@]4(C)[C@H]3CC[C@@]21C,0
CO[C@H]1C[C@@H]2CC[C@@H](C)[C@@](O)(O2)C(=O)C(=O)N2CCCC[C@H]2C(=O)O[C@H]([C@H](C)C[C@@H]2CC[C@@H](O)[C@H](OC)C2)CC(=O)[C@H](C)/C=C(\C)[C@@H](O)[C@@H](OC)C(=O)[C@H](C)C[C@H](C)/C=C/C=C/C=C/1C,0
CCC(=O)C(CC(C)N(C)C)(c1ccccc1)c1ccccc1,0
CCc1nn(CCCN2CCN(c3cccc(Cl)c3)CC2)c(=O)n1CCOc1ccccc1,0
COc1ccc2cc1Oc1cccc(c1)C[C@H]1c3c(cc4c(c3Oc3cc5c(cc3OC)CCN(C)[C@@H]5C2)OCO4)CCN1C,0
COC(=O)C1=C(C)NC(C)=C(C(=O)OCCCN2CCC(c3ccccc3)(c3ccccc3)CC2)[C@H]1c1cccc([N+](=O)[O-])c1,0
COc1ccnc(C[S+]([O-])c2nc3cc(OC(F)F)ccc3[nH]2)c1OC,0
Cc1c(OCC(F)(F)F)ccnc1C[S+]([O-])c1nc2ccccc2[nH]1,0
CCOC(=O)N1CCC(=C2c3ccc(Cl)cc3CCc3cccnc32)CC1,0
Clc1ccc2c(c1)CCc1cccnc1C2=C1CCNCC1,0
COc1ccc(CCCN2CCC(Cc3ccccc3)CC2)cc1OC,0
COc1ccc([C@@](C#N)(CCCN(C)CCc2ccc(OC)c(OC)c2)C(C)C)cc1O,0
CC[C@@H](C)[C@@H]1NC(=O)[C@@H]2CCCN2C(=O)[C@H](Cc2ccccc2)N(C)C(=O)[C@H](Cc2ccccc2)NC(=O)[C@H](C(C)C)N(C)C(=O)[C@@H]([C@H](C)CC)OC(=O)[C@H](C(C)(C)O)N(C)C(=O)[C@H](CC(C)C)NC(=O)[C@H](C(C)C)N(C)C1=O,0
CCCOc1cc2oc(-c3ccccc3)cc(=O)c2c(OC)c1OCCC,0
O=c1cc(-c2ccccc2)oc2cc(O)c(O)c(O)c12,0
CNCCC(Oc1ccc(C(F)(F)F)cc1)c1ccccc1,0
Fc1ccc([C@@H]2CCNC[C@H]2COc2ccc3c(c2)OCO3)cc1,0
CN[C@H]1CC[C@@H](c2ccc(Cl)c(Cl)c2)c2ccccc21,0
COc1ccc(-c2cc(=O)c3c(OC)c(OC)c(OC)c(OC)c3o2)cc1OC,0
NC(=O)N1CCC(CC(=O)N2CCC([C@H]3c4ncc(Br)cc4CCc4cc(Cl)cc(Br)c43)CC2)CC1,0
COc1cc(OC)c2c(=O)cc(-c3cc(OC)c(OC)c(OC)c3)oc2c1,0
COc1cc(-c2cc(=O)c3c(OC)c(OC)c(OC)cc3o2)cc(OC)c1OC,0
COc1ccc(-c2cc(=O)c3ccccc3o2)cc1OC,0
COc1ccc2c(=O)cc(-c3ccc(OC)c(OC)c3)oc2c1,0
CC(=O)S[C@@H]1CC2=CC(=O)CC[C@]2(C)[C@H]2CC[C@@]3(C)[C@@H](CC[C@@]34CCC(=O)O4)[C@@H]21,0
CC(C)[C@@H]1NC(=O)[C@H](C)OC(=O)[C@@H](C(C)C)NC(=O)[C@@H](C(C)C)OC(=O)[C@H](C(C)C)NC(=O)[C@H](C)OC(=O)[C@@H](C(C)C)NC(=O)[C@@H](C(C)C)OC(=O)[C@H](C(C)C)NC(=O)[C@H](C)OC(=O)[C@@H](C(C)C)NC(=O)[C@@H](C(C)C)OC1=O,0
COc1ccc(CCN(C)CCCC(C#N)(c2cc(OC)c(OC)c(OC)c2)C(C)C)cc1OC,0
CC(C)(C)NC(=O)[C@@H]1CN(Cc2cccnc2)CCN1C[C@@H](O)C[C@@H](Cc1ccccc1)C(=O)N[C@H]1c2ccccc2C[C@H]1O,0
CC(C)c1c(C(=O)Nc2ccccc2)c(-c2ccccc2)c(-c2ccc(F)cc2)n1CC[C@@H]1C[C@@H](O)CC(=O)O1,0
COC(=O)C1=C(C#N)NC(C)=C(C(=O)OC(C)C)C1c1cccc([N+](=O)[O-])c1,0
CC(C)(C)c1cc(-c2ccc(C(=O)O)s2)cc(C(C)(C)C)[te+]1.F[P-](F)(F)(F)(F)F,0
CC(C)(C)c1cc(-c2ccc(C(=O)O)s2)cc(C(C)(C)C)[se+]1.F[P-](F)(F)(F)(F)F,0
COc1ccc(Nc2nc(-c3ccccc3)nc3ccccc23)cc1OC,0
COC(=O)C1=C(C)NC(C)=C(C(=O)OCC(C)C)C1c1ccccc1[N+](=O)[O-],0
COc1ccc(-c2cc(=O)c3c(OC)cc(OC)cc3o2)cc1,0
C#Cc1cccc(Nc2ncnc3cc(OCCOC)c(OCCOC)cc23)c1,0
COc1ccc2oc(-c3ccc(OC)c(OC)c3)c(OC)c(=O)c2c1,0
O=c1cc(-c2ccc(O)c(O)c2)oc2cc(O)cc(O)c12,0
COc1cc(-c2oc3cc(O)cc(O)c3c(=O)c2O)cc(OC)c1OC,0
COc1ccc(-c2oc3cc(O)ccc3c(=O)c2O)cc1OC,0
C[N+](C)=c1ccc2c(-c3ccc(C(=O)N4CCCCC4)s3)c3cc4c5c(c3sc-2c1)CCCN5CCC4.F[P-](F)(F)(F)(F)F,0
CCN(CC)C(=S)c1ccc(-c2c3ccc(=[N+](C)C)cc-3sc3cc(N(C)C)ccc23)s1.F[P-](F)(F)(F)(F)F,0
CCN(CC)C(=O)c1ccc(-c2c3ccc(=[N+](C)C)cc-3sc3c4c5c(cc23)CCCN5CCC4)s1.F[P-](F)(F)(F)(F)F,0
CCN(CC)C(=S)c1ccc(-c2c3ccc(=[N+](C)C)cc-3sc3c4c5c(cc23)CCCN5CCC4)s1.F[P-](F)(F)(F)(F)F,0
CCOC(=O)C1=C(C)NC(C)=C(C(=O)OC)C1c1cccc([N+](=O)[O-])c1,0
COc1cccc2c(CC(=O)O)c(C)n(C(=O)c3ccc(Cl)cc3)c12,0
COc1ccc2c(CC(=O)O)c(C)n(C(=O)c3ccc(Cl)cc3)c2c1,0
CCc1cccc2c(CC(=O)O)cn(C(=O)c3ccc(Cl)cc3)c12,0
Cc1cccc2c(CC(=O)O)cn(C(=O)c3ccc(Cl)cc3)c12,0
O=C(O)Cc1c(-c2ccccc2)n(C(=O)c2ccc(Cl)cc2)c2ccccc12,0
COCCOCCOCCOc1cc2c(cc1OC)CN(Cc1ccc(-c3ccc(C(=O)OC)c(NC(=O)c4ccc5ncccc5c4)c3)cc1)CC2,0
COC(=O)c1ccc(-c2ccc(CN3CCc4cc(OC)c(OC)cc4C3)cc2)cc1NC(=O)c1ccc2ncccc2c1,0
COCCOCCOCCOc1cc2c(cc1OCCOCCOCCOC)CN(CCc1ccc(-c3ccc(C(=O)OC)c(NC(=O)c4ccc5ccccc5n4)c3)cc1)CC2,0
COCCOCCOCCOc1cc2c(cc1OC)CCN(CCc1ccc(-c3ccc(C(=O)OC)c(NC(=O)c4ccc5ccccc5n4)c3)cc1)C2,0
COC(=O)c1ccc(-c2ccc(CN3CCc4ccccc4C3)cc2)cc1NC(=O)c1ccc2ncccc2c1,0
COCCOCCOCCOc1cc2c(cc1OC)CCN(Cc1ccc(-c3ccc(C(=O)OC)c(NC(=O)c4ccc5ccccc5n4)c3)cc1)C2,0
CCc1c(CC(=O)O)c2ccccc2n1C(=O)c1ccc(Cl)cc1,0
Cc1c(CC(=O)O)c2ccccc2n1C(=O)c1ccc(Cl)cc1,0
COc1ccc(-c2oc3cc(OC)cc(OC)c3c(=O)c2OC)c(OC)c1,0
CCN(c1ccc(OC)cc1)c1nc(N)nc2[nH]c3ccccc3c12,0
COc1ccc(N(C)c2nc(N)nc3[nH]c4ccccc4c23)cc1,0
CCOc1ccc(N(C)c2nc(N)nc3[nH]c4ccccc4c23)cc1,0
COc1ccc(C(C#N)(CCCNCc2c3ccccc3cc3ccccc23)C(C)C)cc1OC,0
O=c1cc(-c2ccccc2)oc2c1ccc1ccccc12,0
COc1cc(OC)c2c(=O)c(OC)c(-c3ccc(OC)c(OC)c3)oc2c1,0
COc1ccc(-c2oc3c(ccc4ccccc43)c(=O)c2OC)cc1OC,0
COc1ccc(-c2cc(=O)c3ccc4ccccc4c3o2)cc1,0
COc1ccc(-c2oc3c(ccc4ccccc43)c(=O)c2O)cc1OC,0
COc1ccc(-c2cc(=O)c3ccc4ccccc4c3o2)cc1OC,0
COc1cc(C#CC(=O)O[C@H]2CC[C@H](N(C)[C@H]3CC[C@@H](OC(=O)C4c5ccccc5-c5ccccc54)CC3)CC2)cc(OC)c1OC,0
COc1ccc(N(C)c2nc(C)nc3c2CCC3)cc1.Cl,1
COc1ccc(-c2nc(Nc3cccc(O)c3)c3ccccc3n2)cc1OC,0
Brc1cccc(Nc2nc(-c3ccccc3)nc3ccccc23)c1,0
COc1ccc(-c2nc(Nc3cccc(Br)c3)c3ccccc3n2)cc1OC,0
COc1ccc(-c2nc(Nc3cccc([N+](=O)[O-])c3)c3ccccc3n2)cc1OC,0
COc1ccc(Nc2nc(-c3ccc(OC)c(OC)c3)nc3ccccc23)cc1OC,0
COc1cc(C#CC(=O)O[C@H]2CC[C@@H](N(C)[C@H]3CC[C@@H](OC(=O)C4c5ccccc5-c5ccccc54)CC3)CC2)cc(OC)c1OC,0
COc1cc(C#CC(=O)O[C@H]2CC[C@H](N(C)[C@H]3CC[C@H](OC(=O)C4c5ccccc5-c5ccccc54)CC3)CC2)cc(OC)c1OC,0
COc1cc(C#CC(=O)O[C@H]2CC[C@@H](N(C)[C@H]3CC[C@H](OC(=O)C4c5ccccc5-c5ccccc54)CC3)CC2)cc(OC)c1OC,0
COc1ccc(C(C(=O)O[C@H]2CC[C@@H](N(C)[C@H]3CC[C@H](OC(=O)C#Cc4cc(OC)c(OC)c(OC)c4)CC3)CC2)c2ccc(OC)cc2)cc1,1
COc1ccc(C(C(=O)O[C@H]2CC[C@@H](N(C)[C@H]3CC[C@@H](OC(=O)C#Cc4cc(OC)c(OC)c(OC)c4)CC3)CC2)c2ccc(OC)cc2)cc1,0
COc1ccc(N(C)c2nc(C)nc3c2CC(C)C3)cc1.Cl,0
CCOC(=O)c1csc([C@@H](NC(=O)c2csc([C@@H](NC(=O)c3csc([C@@H](NC(=O)OC(C)(C)C)C(C)C)n3)C(C)C)n2)C(C)C)n1,0
CC(C)[C@@H]1NC(=O)c2csc(n2)[C@H](C(C)C)NC(=O)c2csc(n2)[C@H](C(C)C)NC(=O)c2csc1n2,0
COc1ccc(C(C(=O)O[C@H]2CC[C@H](N(C)[C@H]3CC[C@H](OC(=O)C#Cc4cc(OC)c(OC)c(OC)c4)CC3)CC2)c2ccc(OC)cc2)cc1,0
COc1ccc(C(C(=O)O[C@H]2CC[C@H](N(C)[C@H]3CC[C@@H](OC(=O)C#Cc4cc(OC)c(OC)c(OC)c4)CC3)CC2)c2ccc(OC)cc2)cc1,0
COc1cc(C#CC(=O)O[C@H]2CC[C@@H](N(C)[C@H]3CC[C@H](OC(=O)c4cc(OC)c(OC)c(OC)c4)CC3)CC2)cc(OC)c1OC,1
COc1cc(C#CC(=O)O[C@H]2CC[C@@H](N(C)[C@H]3CC[C@@H](OC(=O)c4cc(OC)c(OC)c(OC)c4)CC3)CC2)cc(OC)c1OC,0
COc1cc(C#CC(=O)O[C@H]2CC[C@H](N(C)[C@H]3CC[C@H](OC(=O)c4cc(OC)c(OC)c(OC)c4)CC3)CC2)cc(OC)c1OC,0
COc1cc(C#CC(=O)O[C@H]2CC[C@H](N(C)[C@H]3CC[C@@H](OC(=O)c4cc(OC)c(OC)c(OC)c4)CC3)CC2)cc(OC)c1OC,0
COc1cc(CCC(=O)O[C@H]2CC[C@@H](N(C)[C@H]3CC[C@H](OC(=O)c4cc(OC)c(OC)c(OC)c4)CC3)CC2)cc(OC)c1OC,0
COc1cc(CCC(=O)O[C@H]2CC[C@@H](N(C)[C@H]3CC[C@@H](OC(=O)c4cc(OC)c(OC)c(OC)c4)CC3)CC2)cc(OC)c1OC,0
COc1cc(CCC(=O)O[C@H]2CC[C@H](N(C)[C@H]3CC[C@H](OC(=O)c4cc(OC)c(OC)c(OC)c4)CC3)CC2)cc(OC)c1OC,0
COc1cc(CCC(=O)O[C@H]2CC[C@H](N(C)[C@H]3CC[C@@H](OC(=O)c4cc(OC)c(OC)c(OC)c4)CC3)CC2)cc(OC)c1OC,0
COc1cc(/C=C/C(=O)O[C@H]2CC[C@H](N(C)[C@H]3CC[C@@H](OC(=O)C4c5ccccc5-c5ccccc54)CC3)CC2)cc(OC)c1OC,0
COc1cc(/C=C/C(=O)O[C@H]2CC[C@@H](N(C)[C@H]3CC[C@@H](OC(=O)C4c5ccccc5-c5ccccc54)CC3)CC2)cc(OC)c1OC,0
COc1cc(/C=C/C(=O)O[C@H]2CC[C@H](N(C)[C@H]3CC[C@H](OC(=O)C4c5ccccc5-c5ccccc54)CC3)CC2)cc(OC)c1OC,0
COc1cc(/C=C/C(=O)O[C@H]2CC[C@@H](N(C)[C@H]3CC[C@H](OC(=O)C4c5ccccc5-c5ccccc54)CC3)CC2)cc(OC)c1OC,0
COc1ccc(C(C#N)(CCC(=O)O[C@H]2CC[C@@H](N(C)[C@H]3CC[C@H](OC(=O)/C=C/c4cc(OC)c(OC)c(OC)c4)CC3)CC2)C(C)C)cc1OC,0
COc1ccc(C(C#N)(CCC(=O)O[C@H]2CC[C@@H](N(C)[C@H]3CC[C@@H](OC(=O)/C=C/c4cc(OC)c(OC)c(OC)c4)CC3)CC2)C(C)C)cc1OC,0
COc1ccc(C(C#N)(CCC(=O)O[C@H]2CC[C@H](N(C)[C@H]3CC[C@H](OC(=O)/C=C/c4cc(OC)c(OC)c(OC)c4)CC3)CC2)C(C)C)cc1OC,0
COc1ccc(C(C#N)(CCC(=O)O[C@H]2CC[C@H](N(C)[C@H]3CC[C@@H](OC(=O)/C=C/c4cc(OC)c(OC)c(OC)c4)CC3)CC2)C(C)C)cc1OC,0
COc1cc(/C=C/C(=O)O[C@H]2CC[C@@H](N(C)[C@H]3CC[C@H](OC(=O)c4cc(OC)c(OC)c(OC)c4)CC3)CC2)cc(OC)c1OC,1
Nc1nc(NC2CC2)c2ncn([C@H]3C=C[C@@H](COC(=O)CCC(=O)OC[C@@H]4C=C[C@H](n5cnc6c(NC7CC7)nc(N)nc65)C4)C3)c2n1,0
COc1cc(/C=C/C(=O)O[C@H]2CC[C@@H](N(C)[C@H]3CC[C@@H](OC(=O)c4cc(OC)c(OC)c(OC)c4)CC3)CC2)cc(OC)c1OC,0
COc1cc(/C=C/C(=O)O[C@H]2CC[C@H](N(C)[C@H]3CC[C@H](OC(=O)c4cc(OC)c(OC)c(OC)c4)CC3)CC2)cc(OC)c1OC,0
COc1cc(/C=C/C(=O)O[C@H]2CC[C@H](N(C)[C@H]3CC[C@@H](OC(=O)c4cc(OC)c(OC)c(OC)c4)CC3)CC2)cc(OC)c1OC,0
COc1ccc(C(C)NC(=O)c2csc([C@@H](NC(=O)c3csc([C@@H](NC(=O)OC(C)(C)C)C(C)C)n3)C(C)C)n2)cc1,0
COc1ccc(CNC(=O)c2csc([C@@H](NC(=O)c3csc([C@@H](NC(=O)OC(C)(C)C)C(C)C)n3)C(C)C)n2)c(OC)c1,0
COc1ccc(NC(=O)c2csc([C@@H](NC(=O)c3csc([C@@H](NC(=O)OC(C)(C)C)C(C)C)n3)C(C)C)n2)c(OC)c1,0
COc1cc(NC(=O)c2csc([C@@H](NC(=O)c3csc([C@@H](NC(=O)OC(C)(C)C)C(C)C)n3)C(C)C)n2)cc(OC)c1OC,0
CCOC(=O)c1csc([C@@H](NC(=O)c2csc([C@@H](NC(=O)c3ccc(OC)c(OC)c3)C(C)C)n2)C(C)C)n1,0
C/C=C/C[C@@H](C)[C@@H](O)[C@H]1C(=O)N[C@@H](CC)C(=O)N(C)[C@H](C)C(=O)N(CC)[C@@H](C(C)C)C(=O)N[C@@H](C(C)C)C(=O)N(C)[C@@H](CC(C)C)C(=O)N[C@@H](C)C(=O)N[C@H](C)C(=O)N(C)[C@@H](CC(C)C)C(=O)N(C)[C@@H](CC(C)C)C(=O)N(C)[C@@H](C(C)C)C(=O)N1C,0
C/C=C/C[C@@H](C)[C@@H](O)[C@H]1C(=O)N[C@@H](CC)C(=O)N(C)[C@H](C)C(=O)N(C)[C@@H]([C@@H](C)CN2CCN(CCOC)CC2)C(=O)N[C@@H](C(C)C)C(=O)N(C)[C@@H](CC(C)C)C(=O)N[C@@H](C)C(=O)N[C@H](C)C(=O)N(C)[C@@H](CC(C)C)C(=O)N(C)[C@@H](CC(C)C)C(=O)N(C)[C@@H](C(C)C)C(=O)N1C,0
COc1cc2c(cc1OC)C(=O)C(CC1CCN(Cc3ccccc3)CC1)C2,0
COc1ccccc1-n1nnc(-c2ccccc2NC(=O)c2ccc(C(F)(F)F)cc2)n1,0
CCOc1ccc(-n2nnc(-c3ccccc3NC(=O)c3ccc(OC)c(OC)c3)n2)cc1,0
COc1ccc(-n2nnc(-c3ccccc3NC(=O)c3ccc(OC)c(OC)c3)n2)cc1,0
COc1ccc(C(=O)Nc2ccccc2-c2nnn(-c3ccccc3OC)n2)cc1,0
COc1cc(C(=O)Nc2ccc(-c3cc(F)cc(F)c3)cn2)cc(OC)c1OC,0
COc1cc(OC)c(C(=O)Nc2ccc(-c3cc(F)cc(F)c3)cn2)cc1OC,0
COc1cc(C(=O)Nc2ccc(-c3cccnc3)cn2)cc(OC)c1OC,0
CC(=O)Oc1cc(OC(C)=O)c2c(c1)O[C@H](c1cc(OC(C)=O)c(OC(C)=O)c(OC(C)=O)c1)[C@H](OC(=O)c1cc(OC(C)=O)c(OC(C)=O)c(OC(C)=O)c1)C2,0
COc1cc(OC)c2c(c1)O[C@H](c1cc(OC)c(OC)c(OC)c1)[C@H](O)C2,0
COc1cccc(C(=O)O[C@@H]2Cc3c(OC)cc(OC)cc3O[C@@H]2c2cc(OC)c(OC)c(OC)c2)c1,0
COc1ccc(C(=O)O[C@@H]2Cc3c(OC)cc(OC)cc3O[C@@H]2c2cc(OC)c(OC)c(OC)c2)cc1,0
COc1cc(OC)c2c(c1)O[C@H](c1cc(OC)c(OC)c(OC)c1)[C@H](OC(=O)c1ccc(OC)c(OC)c1)C2,1
CCOc1cc(C(=O)O[C@@H]2Cc3c(OC)cc(OC)cc3O[C@@H]2c2cc(OC)c(OC)c(OC)c2)cc(OCC)c1OCC,0
COc1cc(OC)c(C(=O)Nc2ccc(-c3cccnc3)cn2)cc1OC,0
COc1cc(C(=O)Nc2ccc(-c3cccnc3)cc2F)cc(OC)c1OC,0
COc1cc(OC)c(C(=O)Nc2ccc(-c3cccnc3)cc2F)cc1OC,0
COc1ccc(C(=O)Nc2ccc(-c3cccnc3)cc2F)c(OC)c1OC,0
COc1cc(OC)c(C(=O)Nc2ccc(-c3cccnc3)cc2F)c(OC)c1,0
COc1ccc(C(=O)Nc2ccc(-c3cccnc3)cc2F)cc1OC,0
COc1cc(OC)cc(C(=O)Nc2ccc(-c3cccnc3)cc2F)c1,0
COc1ccc(C(=O)Nc2ccc(-c3cccnc3)cc2F)cc1,0
O=C(Nc1ccc(-c2cccnc2)cc1F)c1ccccc1,0
O=C(Nc1ccc(-c2cccnc2)cc1F)c1cccnc1,0
COc1cc(C(=O)Nc2ccc(-c3ccncc3)cc2F)cc(OC)c1OC,0
COc1cc(OC)c(C(=O)Nc2ccc(-c3ccncc3)cc2F)cc1OC,0
COc1ccc(-c2ccc(NC(=O)c3cc(OC)c(OC)cc3OC)c(F)c2)cc1,0
COc1ccc(S(=O)(=O)Nc2ccc(-c3cccnc3)cc2F)cc1OC,0
COc1cc(C(=O)Nc2ccc(-c3cc(F)cc(F)c3)cc2N)cc(OC)c1OC,0
COc1cc(C(=O)Nc2ccc(-c3cc(F)cc(F)c3)cc2NC(=O)[C@@H](C)NC(C)=O)cc(OC)c1OC,0
COc1cc(C(=O)N(C)c2ccc(-c3cccnc3)cc2F)cc(OC)c1OC,0
COc1cc(OC)c(C(=O)N(C)c2ccc(-c3cccnc3)cc2F)cc1OC,0
C=CCOc1cc(C(=O)O[C@@H]2Cc3c(OC)cc(OC)cc3O[C@@H]2c2cc(OC)c(OC)c(OC)c2)cc(OCC=C)c1OCC=C,1
COc1cc(OC)c2c(c1)O[C@H](c1cc(OC)c(OC)c(OC)c1)[C@H](OC(=O)c1cccc(F)c1)C2,0
COc1cc(OC)c2c(c1)O[C@H](c1cc(OC)c(OC)c(OC)c1)[C@H](OC(=O)c1ccc(F)cc1)C2,0
COc1cc(OC)c2c(c1)O[C@H](c1cc(OC)c(OC)c(OC)c1)[C@H](OC(=O)c1ccc(F)c(N(C)C)c1)C2,0
COc1cc(OC)c2c(c1)O[C@H](c1cc(OC)c(OC)c(OC)c1)[C@H](OC(=O)c1ccc(F)c(NC(C)=O)c1)C2,1
COc1ccc(CC(=O)O[C@@H]2Cc3c(OC)cc(OC)cc3O[C@@H]2c2cc(OC)c(OC)c(OC)c2)cc1,0
COc1cc(OC)c2c(c1)O[C@H](c1cc(OC)c(OC)c(OC)c1)[C@H](OC(=O)Cc1ccc(OC)c(OC)c1)C2,0
COc1cc(OC)c2c(c1)O[C@H](c1cc(OC)c(OC)c(OC)c1)[C@H](OC(=O)Cc1cc(OC)c(OC)c(OC)c1)C2,0
COc1ccc(/C=C/C(=O)O[C@@H]2Cc3c(OC)cc(OC)cc3O[C@@H]2c2cc(OC)c(OC)c(OC)c2)cc1,0
COc1ccc(CCC(=O)O[C@@H]2Cc3c(OC)cc(OC)cc3O[C@@H]2c2cc(OC)c(OC)c(OC)c2)cc1,0
COc1cc(OC)c2c(c1)O[C@H](c1cc(OC)c(OC)c(OC)c1)[C@H](OC(=O)CCc1ccc(OC)c(OC)c1)C2,1
COc1cc(OC)c2c(c1)O[C@H](c1cc(OC)c(OC)c(OC)c1)[C@H](OC(=O)CCc1cc(OC)c(OC)c(OC)c1)C2,1
COc1cc(OC)c2c(c1)O[C@H](c1cc(OC)c(OC)c(OC)c1)[C@H](OC(=O)c1ccc(F)c(NC(=O)/C=C/c3ccc(OC)c(OC)c3)c1)C2,1
COc1cc(OC)c2c(c1)O[C@H](c1cc(OC)c(OC)c(OC)c1)[C@H](OC(=O)c1ccc(F)c(NC(=O)/C=C/c3cc(OC)c(OC)c(OC)c3)c1)C2,1
COc1ccc(C(=O)Nc2cc(C(=O)Nc3cc(C(=O)O[C@@H]4Cc5c(OC)cc(OC)cc5O[C@@H]4c4cc(OC)c(OC)c(OC)c4)ccc3F)ccc2F)cc1,1
COc1cc(OC)c2c(c1)O[C@H](c1cc(OC)c(OC)c(OC)c1)[C@H](OC(=O)c1ccc(F)c(NC(=O)c3ccc(F)c(NC(=O)c4ccc(OC)c(OC)c4)c3)c1)C2,1
COc1cc(OC)c2c(c1)O[C@H](c1cc(OC)c(OC)c(OC)c1)[C@H](OC(=O)c1ccc(F)c(NC(=O)c3ccc(F)c(NC(=O)c4cc(OC)c(OC)c(OC)c4)c3)c1)C2,1
COc1cc(OC)c2c(c1)O[C@H](c1cc(OC)c(OC)c(OC)c1)[C@@H](O)C2,0
COc1ccc(C(=O)O[C@H]2Cc3c(OC)cc(OC)cc3O[C@@H]2c2cc(OC)c(OC)c(OC)c2)cc1,0
COc1cc(OC)c2c(c1)O[C@H](c1cc(OC)c(OC)c(OC)c1)[C@@H](OC(=O)c1ccc(OC)c(OC)c1)C2,1
COc1cc(OC)c2c(c1)O[C@H](c1cc(OC)c(OC)c(OC)c1)[C@@H](OC(=O)c1cc(OC)c(OC)c(OC)c1)C2,0
COc1ccc(/C=C/C(=O)O[C@H]2Cc3c(OC)cc(OC)cc3O[C@@H]2c2cc(OC)c(OC)c(OC)c2)cc1,1
COc1cc(OC)c2c(c1)O[C@H](c1cc(OC)c(OC)c(OC)c1)[C@@H](OC(=O)/C=C/c1ccc(OC)c(OC)c1)C2,1
COc1cc(OC)c2c(c1)O[C@H](c1cc(OC)c(OC)c(OC)c1)[C@@H](OC(=O)/C=C/c1cc(OC)c(OC)c(OC)c1)C2,1
COc1cc(OC)c2c(c1)O[C@H](c1cc(OC)c(OC)c(OC)c1)[C@@H](OC(C)=O)C2=O,0
COc1ccc(C(=O)O[C@H]2C(=O)c3c(OC)cc(OC)cc3O[C@@H]2c2cc(OC)c(OC)c(OC)c2)cc1,0
COc1cc(OC)c2c(c1)O[C@H](c1cc(OC)c(OC)c(OC)c1)[C@@H](OC(=O)c1ccc(OC)c(OC)c1)C2=O,0
COc1cc(OC)c2c(c1)O[C@H](c1cc(OC)c(OC)c(OC)c1)[C@@H](OC(=O)c1cc(OC)c(OC)c(OC)c1)C2=O,0
C=CCOc1cc(C(=O)O[C@H]2C(=O)c3c(OC)cc(OC)cc3O[C@@H]2c2cc(OC)c(OC)c(OC)c2)cc(OCC=C)c1OCC=C,0
COc1ccc(/C=C/C(=O)O[C@H]2C(=O)c3c(OC)cc(OC)cc3O[C@@H]2c2cc(OC)c(OC)c(OC)c2)cc1,0
COc1cc(OC)c2c(c1)O[C@H](c1cc(OC)c(OC)c(OC)c1)[C@@H](OC(=O)/C=C/c1ccc(OC)c(OC)c1)C2=O,0
COc1cc(OC)c2c(c1)O[C@H](c1cc(OC)c(OC)c(OC)c1)[C@@H](OC(=O)/C=C/c1cc(OC)c(OC)c(OC)c1)C2=O,1
COc1cc(OC)c2c(c1)O[C@H](c1cc(OC)c(OC)c(OC)c1)[C@@H](OC(=O)c1ccc(F)c(NC(=O)c3ccc(OC)c(OC)c3)c1)C2=O,1
COc1cc(OC)c2c(c1)O[C@H](c1cc(OC)c(OC)c(OC)c1)[C@@H](OC(=O)c1ccc(F)c(NC(=O)c3cc(OC)c(OC)c(OC)c3)c1)C2=O,0
COc1cc(OC)c2c(c1)O[C@H](c1cc(OC)c(OC)c(OC)c1)[C@@H](OC(=O)c1ccc(F)c(NC(=O)/C=C/c3ccc(OC)c(OC)c3)c1)C2=O,1
COc1cc(OC)c2c(c1)O[C@H](c1cc(OC)c(OC)c(OC)c1)[C@@H](OC(=O)c1ccc(F)c(NC(=O)/C=C/c3cc(OC)c(OC)c(OC)c3)c1)C2=O,0
COc1cc(OC)c2c(c1)O[C@H](c1cc(OC)c(OC)c(OC)c1)[C@H](OC(=O)c1cc(OC)c(OC)c(OC)c1)C2,0
CCOC(=O)C1=CN(Cc2ccccc2)c2ccccc2C1c1cccc(OC)c1,0
C/C=C(\C)C(=O)OC1c2c(ccc3ccc(=O)oc23)OC(C)(C)C1OC(=O)/C(C)=C/C,0
COc1cc(/C=C/C(=O)/C=C(O)/C=C/c2ccc(O)c(OC)c2)ccc1O,0
COc1ccc(C2=C(c3ccc(OC)c(OC)c3)C(=O)N(C(=O)N3CCN(CC(=O)c4ccc(S(C)(=O)=O)cc4)CC3)C2=O)cc1OC,0
CC(C)=CCOc1c2occc2cc2ccc(=O)oc12,0
COc1ccc2ccc(=O)oc2c1CC=C(C)C,0
CC(=O)Oc1cc(OC(C)=O)c2ccc(=O)oc2c1CC=C(C)C,0
C/C=C/CC(C)C(O)C1C(=O)NC(CC)C(=O)N(C)CC(=O)N(C)C(CC(C)C)C(=O)NC(C(C)C)C(=O)N(C)C(CC(C)C)C(=O)NC(C)C(=O)NC(C)C(=O)N(C)C(CC(C)C)C(=O)N(C)C(CC(C)C)C(=O)N(C)C(C(C)C)C(=O)N1C,0
COc1ccc(C2=C(c3ccc(OC)c(OC)c3)C(=O)N(C(=O)N3CCN(CC(=O)c4ccc(OCc5ccccc5)c(OC)c4)CC3)C2=O)cc1OC,0
CCCCC1OC(=O)c2cc(NC(=O)N3C(=O)C(c4ccc(OC)c(OC)c4)=C(c4ccc(OC)c(OC)c4)C3=O)ccc21,0
COc1ccc(C2=C(c3ccc(OC)c(OC)c3)C(=O)N(C(=O)Nc3ccc4c(c3)C(=O)OC4)C2=O)cc1OC,0
COc1ccc(C2=C(c3ccc(OC)c(OC)c3)C(=O)N(C(=O)c3cc(Br)c(OCc4ccccc4)cc3OCCO)C2=O)cc1OC,1
COc1ccc(C2=C(c3ccc(OC)c(OC)c3)C(=O)N(C(=O)c3ccc(OCc4ccccc4)c([N+](=O)[O-])c3)C2=O)cc1OC,1
COc1ccc(C2=C(c3ccc(OC)c(OC)c3)C(=O)N(C(=O)c3cc(Br)c(OCc4ccccc4)cc3OC)C2=O)cc1OC,0
COc1cc(OC)c(C(=O)N2C(=O)C(c3ccc(OC)c(OC)c3)=C(c3ccc(OC)c(OC)c3)C2=O)cc1Br,1
COc1cc(OC)c2c(=O)cc(N3CCN(CCc4ccc([N+](=O)[O-])cc4)CC3)oc2c1,0
C/C=C/CC(C)C(O)C1C(=O)NC(CC)C(=O)N(C)C(C)C(=O)N(CC)C(C(C)C)C(=O)NC(C(C)C)C(=O)N(C)C(CC(C)C)C(=O)NC(C)C(=O)NC(C)C(=O)N(C)C(CC(C)C)C(=O)N(C)C(CC(C)C)C(=O)N(C)C(C(C)C)C(=O)N1C,0
COc1cc(OC)c2c(=O)cc(N3CCN(Cc4ccc(F)c(F)c4)CC3)oc2c1,0
COc1cc(OC)c2c(=O)cc(N3CCN(Cc4cccc([N+](=O)[O-])c4)CC3)oc2c1,0
COc1cc(OC)c2c(=O)cc(N3CCN(Cc4ccc(C(F)(F)F)cc4)CC3)oc2c1,0
COc1cc(OC)c2c(=O)cc(N3CCN(Cc4ccc(SC(F)(F)F)cc4)CC3)oc2c1,0
O=C(NCCCN1CCOCC1)c1cnn2c(-c3ccccc3)cc(-c3ccccc3)nc12,0
COc1cccc(/C=C/C(=O)c2ccc(Nc3nc(-c4ccccc4)nc4ccccc34)cc2)c1,0
COc1ccc(/C=C/C(=O)c2ccc(Nc3nc(-c4ccccc4)nc4ccccc34)cc2)cc1OC,0
COc1cccc(/C=C/C(=O)c2ccc(Nc3ncnc4cc(OC)c(OC)cc34)cc2)c1,0
COc1cccc(/C=C/C(=O)c2ccc(Nc3ncnc4ccccc34)cc2)c1,0
COc1ccc(/C=C/C(=O)c2ccc(Nc3ncnc4ccccc34)cc2)cc1OC,0
COc1cccc(/C=C/C(=O)c2cccc(Nc3nc(-c4ccc(OC)c(OC)c4)nc4ccccc34)c2)c1,0
COc1ccc(/C=C/C(=O)c2cccc(Nc3nc(-c4ccc(OC)c(OC)c4)nc4ccccc34)c2)cc1,0
COc1ccc(/C=C/C(=O)c2cccc(Nc3nc(-c4ccc(OC)c(OC)c4)nc4ccccc34)c2)cc1OC,0
COc1ccc(/C=C/C(=O)c2cccc(Nc3ncnc4cc(OC)c(OC)cc34)c2)cc1,0
COc1ccc(/C=C/C(=O)c2cccc(Nc3ncnc4cc(OC)c(OC)cc34)c2)cc1OC,0
COc1ccc(/C=C/C(=O)c2cccc(Nc3ncnc4ccccc34)c2)cc1,0
COc1ccc(/C=C/C(=O)c2cccc(Nc3ncnc4ccccc34)c2)cc1OC,0
COc1ccc(/C=C/C(=O)c2ccc(Nc3nc(-c4ccc(OC)c(OC)c4)nc4ccccc34)cc2)cc1OC,0
COc1cccc(/C=C/C(=O)c2ccc(Nc3nc(-c4ccc(OC)c(OC)c4)nc4ccccc34)cc2)c1,0
COc1ccc2c3c1O[C@H]1C[C@@H](OC(=O)CCCCCCCCC(=O)O[C@H]4C=C[C@@]56CN(C)CCc7ccc(OC)c(c75)O[C@H]6C4)C=C[C@@]31CN(C)CC2,0
Cc1cc(C)cc(C(=O)N(NC(=O)c2ccccc2)C(C)(C)C)c1,0
Cc1cc(C)cc(C(=O)N(NC(=O)c2ccccc2C)C(C)(C)C)c1,0
Cc1cccc(C(=O)NN(C(=O)c2cc(C)cc(C)c2)C(C)(C)C)c1,0
COc1c(C(=O)/C=C(\O)c2ccccc2)ccc2occc12,0
COc1c2ccoc2c(OCC=C(C)C)c2oc(=O)ccc12,0
C=CC(C)(C)c1cc2cc3c(cc2oc1=O)OC(C)(C)C=C3,0
COc1cc(C2CC(c3ccc4ccccc4c3)=NN2C(C)=O)cc(I)c1OC,0
COc1cc(C2CC(c3ccc4ccccc4c3)=NN2C(C)=O)cc(Br)c1OC,0
COc1cc(C2CC(c3ccc4ccccc4c3)=NN2C(C)=O)cc(Cl)c1OC,0
COc1cc(/C=C/C(=O)c2ccc3ccccc3c2)cc(OC)c1OC,0
COc1ccc(C(=O)Nc2ccccc2-c2nnn(-c3ccc(C(C)C)cc3)n2)cc1,0
COc1ccc(-n2nnc(-c3ccccc3NC(=O)c3ccccc3[N+](=O)[O-])n2)cc1,0
COc1ccc(C(=O)Nc2ccccc2-c2nnn(-c3ccc(OC)cc3)n2)cc1,0
COc1ccc(-n2nnc(-c3ccccc3NC(=O)c3ccc(C(F)(F)F)cc3)n2)cc1OC,0
COc1ccc(C(=O)Nc2ccccc2-c2nnn(-c3ccc(OC)c(OC)c3)n2)cc1,0
COc1ccc(-n2nnc(-c3ccccc3NC(=O)c3ccccc3)n2)cc1OC,0
CSc1ccc(-n2nnc(-c3ccccc3NC(=O)c3ccccc3[N+](=O)[O-])n2)cc1,0
COc1ccc(C(=O)Nc2ccccc2-c2nnn(-c3ccc(SC)cc3)n2)cc1,0
CCCc1ccc(C(=O)Nc2ccccc2-c2nnn(-c3ccc(O)cc3)n2)cc1,0
O=C(Nc1ccccc1-c1nnn(-c2ccccc2)n1)c1cccc([N+](=O)[O-])c1,0
COc1ccc(C(=O)Nc2ccccc2-c2nnn(-c3ccccc3)n2)cc1,0
CCCc1ccc(C(=O)Nc2ccccc2-c2nnn(-c3ccccc3)n2)cc1,0
O=C(Nc1ccccc1-c1nnn(-c2ccccc2)n1)c1ccccc1,0
COc1cc(OC)c2c(=O)cc(C(=O)N3CCN(CCc4ccc([N+](=O)[O-])cc4)CC3)oc2c1,0
COc1cc(OC)c2c(=O)cc(C(=O)N3CCN(Cc4ccc([N+](=O)[O-])cc4)CC3)oc2c1,0
O=C(c1cc(=O)c2c(OCc3ccccc3)cccc2o1)N1CCN(Cc2ccccc2)CC1,0
Cc1cc(C)c2[nH]c3ccccc3c(=O)c2c1,0
CC[C@H]1CN(C)[C@H]2Cc3c([nH]c4ccccc34)/C(=N/N)C[C@H]1[C@@H]2C(=O)OC,0
Cc1cc(C)c2c(c1)c(=O)c1ccccc1n2CCCN1CCOCC1,1
Cc1cc(C)c2c(c1)c(=O)c1ccccc1n2CCCN1CCCCC1,1
CC[C@@H]1CN(C)[C@H]2Cc3c([nH]c4ccccc34)/C(=N/N)C[C@H]1[C@@H]2C(=O)OC,0
COc1cccc(C(=O)NN(C(=O)c2cc(C)cc(C)c2)C(C)(C)C)c1,0
CCOc1cccc(C(=O)NN(C(=O)c2cc(C)cc(C)c2)C(C)(C)C)c1,0
CCCc1ccc(C(=O)NN(C(=O)c2cc(C)cc(C)c2)C(C)(C)C)cc1,0
Cc1cc(C)c2c(c1)c(=O)c1ccccc1n2CCCN1CCN(C)CC1,1
CCc1ccc(C(=O)NN(C(=O)c2cc(C)cc(C)c2)C(C)(C)C)cc1,0
COc1cccc(C(=O)NN(C(=O)c2cc(C)cc(C)c2)C(C)(C)C)c1C,0
CC(C)(C)N(NC(=O)c1ccccc1-c1ccccc1)C(=O)c1ccccc1Cl,0
CCN(CC)CCCn1c2ccccc2c(=O)c2cc(C)cc(C)c21,1
Cc1cc(C)c2c(c1)c(=O)c1ccccc1n2CCCN(CCO)CCO,1
CC(C)(C)N(NC(=O)c1cccc(Cl)c1)C(=O)c1ccccc1Cl,0
Cc1cc(C)c2c(c1)c(=O)c1ccccc1n2CCCN1CCN(CCO)CC1,1
CC(C)(C)N(NC(=O)c1cccc(C(F)(F)F)c1)C(=O)c1ccccc1Cl,0
CC(C)(C)N(NC(=O)c1cccc([N+](=O)[O-])c1)C(=O)c1ccccc1Cl,0
Cc1cc(C)c2c(c1)c(=O)c1ccccc1n2CCCCN1CCOCC1,1
CC[C@H]1CN(C)[C@H]2Cc3c([nH]c4ccccc34)/C(=N/Nc3ccccc3)C[C@H]1[C@@H]2C(=O)OC,0
CC[C@@H]1CN(C)[C@H]2Cc3c([nH]c4ccccc34)/C(=N/Nc3ccccc3)C[C@H]1[C@@H]2C(=O)OC,0
CC[C@H]1CN(C)[C@H]2Cc3c([nH]c4ccccc34)/C(=N/Nc3cnccn3)C[C@H]1[C@@H]2C(=O)OC,0
CC[C@H]1CN(C)[C@H]2Cc3c([nH]c4ccccc34)/C(=N/Nc3ccc(Br)cn3)C[C@H]1[C@@H]2C(=O)OC,0
CC[C@@H]1CN(C)[C@H]2Cc3c([nH]c4ccccc34)/C(=N/Nc3ccc(Br)cn3)C[C@H]1[C@@H]2C(=O)OC,0
Cc1cc(C)c2c(c1)c(=O)c1ccccc1n2CCCCN1CCCCC1,1
CC[C@H]1CN(C)[C@H]2Cc3c([nH]c4ccccc34)/C(=N/O)C[C@H]1[C@@H]2C(=O)OC,0
CC[C@@H]1CN(C)[C@H]2Cc3c([nH]c4ccccc34)/C(=N/O)C[C@H]1[C@@H]2C(=O)OC,0
Cc1ccc(C)c(C(=O)NN(C(=O)c2ccccc2Cl)C(C)(C)C)c1,0
CC(C)(C)N(NC(=O)c1cc(Cl)ccc1Cl)C(=O)c1ccccc1Cl,0
COc1cccc(Nc2nc(-c3ccccn3)nc3ccccc23)c1,0
COc1cccc(Nc2nc(-c3cccnc3)nc3ccccc23)c1,0
COc1cccc(Nc2nc(-c3ccncc3)nc3ccccc23)c1,0
COc1ccc(Nc2nc(-c3ccccn3)nc3ccccc23)cc1OC,0
COc1ccc(Nc2nc(-c3cccnc3)nc3ccccc23)cc1OC,0
COc1ccc(Nc2nc(-c3ccncc3)nc3ccccc23)cc1OC,0
COc1ccc(Nc2nc(-c3ccncc3)nc3ccccc23)cc1C(F)(F)F,0
COC(=O)c1cccc(Nc2nc(-c3ccncc3)nc3ccccc23)c1,0
CC(C)(C)OC(=O)c1cccc(Nc2nc(-c3ccncc3)nc3ccccc23)c1,0
O=C(O)c1ccc(Nc2nc(-c3ccncc3)nc3ccccc23)cc1,0
Cc1cc(C)c2c(c1)c(=O)c1ccccc1n2CCCCN1CCN(C)CC1,1
CCOC(=O)C1=C(C)NC(C)=C(C(=O)OCC)C1c1c(-c2cccc(Br)c2)noc1C,0
CC[C@H]1CN(C)[C@H]2Cc3c([nH]c4ccccc34)/C(=N/NC(=O)OCc3ccc(OC)cc3)C[C@H]1[C@@H]2C(=O)OC,0
CC[C@H]1CN(C)[C@H]2Cc3c([nH]c4ccccc34)/C(=N/NC(=S)NCc3cccnc3)C[C@H]1[C@@H]2C(=O)OC,0
CCN(CC)CCCCn1c2ccccc2c(=O)c2cc(C)cc(C)c21,1
Cc1cc(C)c2c(c1)c(=O)c1ccccc1n2CCCCN(CCO)CCO,1
CC[C@H]1CN(C)[C@H]2Cc3c([nH]c4ccccc34)C(=S)C[C@H]1[C@@H]2C(=O)OC,0
CCOC(=O)C1=C(C)NC(C)=C(C(=O)OCC)C1c1c(-c2ccc(Br)cc2)noc1C,0
CCOC(=O)C1=C(C)NC(C)=C(C(=O)OCc2cn(CCOCCOCCOCCOCCOCCn3cc(COC(=O)C4=C(C)NC(C)=C(C(=O)OCC)C4c4c(-c5ccccc5Br)noc4C)nn3)nn2)C1c1c(-c2ccccc2Br)noc1C,0
CCOC(=O)C1=C(C)NC(C)=C(C(=O)OCc2cn(CCOCCOCCOCCOCCOCCn3cc(COC(=O)C4=C(C)NC(C)=C(C(=O)OCC)C4c4c(-c5cccc(Br)c5)noc4C)nn3)nn2)C1c1c(-c2cccc(Br)c2)noc1C,0
CCOC(=O)C1=C(C)NC(C)=C(C(=O)OCc2cn(CCOCCOCCOCCOCCOCCn3cc(COC(=O)C4=C(C)NC(C)=C(C(=O)OCC)C4c4c(-c5ccc(Br)cc5)noc4C)nn3)nn2)C1c1c(-c2ccc(Br)cc2)noc1C,0
Cc1cc(C)c2c(c1)c(=O)c1ccccc1n2CCCCN1CCN(CCO)CC1,1
COc1cc(C(=O)NC(c2nc(C(=O)NC3CCC(F)(F)CC3)cs2)C(C)C)cc(OC)c1OC,0
CC[C@@H]1CN(C)[C@H]2Cc3c([nH]c4ccccc34)[C@@H](O)C[C@H]1[C@@H]2C(=O)OC,0
COc1cc(C(=O)NC(Cc2ccccc2)c2nc(C(=O)NC3CCC(F)(F)CC3)cs2)cc(OC)c1OC,0
CC[C@H]1CN(C)[C@H]2Cc3c(n(C)c4ccccc34)C(=O)C[C@H]1[C@@H]2C(=O)OC,0
CC[C@H]1CN(C)[C@H]2Cc3c(n(Cc4ccccc4)c4ccccc34)C(=O)C[C@H]1[C@@H]2C(=O)OC,0
CCOC(=O)C1=C(C)NC(C)=C(C(=O)OCc2cn(CCOCCOCCOCCn3cc(COC(=O)C4=C(C)NC(C)=C(C(=O)OCC)C4c4c(-c5ccc(Br)cc5)noc4C)nn3)nn2)C1c1c(-c2ccc(Br)cc2)noc1C,0
Cc1cn([C@H]2C[C@H](N=[N+]=[N-])[C@@H](COC(=O)CCCCCCCCCCC(=O)OC[C@H]3O[C@@H](n4cc(C)c(=O)[nH]c4=O)C[C@@H]3N=[N+]=[N-])O2)c(=O)[nH]c1=O,0
COc1cccc2c1C(=O)c1c(O)c3c(c(O)c1C2=O)C[C@@](O)(C(=O)CO)C[C@@H]3O[C@H]1C[C@H](N)[C@H](O)[C@H](C)O1.Cl,0
CC(=O)Nc1cccc(Nc2nc(-c3cccc([N+](=O)[O-])c3)nc3ccccc23)c1,0
COc1cccc(Nc2nc(-c3cccc(OC)c3)nc3ccccc23)c1,0
COc1cccc(-c2nc(Nc3ccc(OC)c(OC)c3)c3ccccc3n2)c1,0
COc1ccc(-c2nc(Nc3ccc(OC)c(OC)c3)c3ccccc3n2)cc1,0
COc1ccc(-c2nc(Nc3ccc([N+](=O)[O-])cc3)c3ccccc3n2)cc1OC,0
COc1ccc(-c2nc(Nc3ccc(OC)c(C(F)(F)F)c3)c3ccccc3n2)cc1OC,0
COc1cccc(Nc2nc(-c3ccc(OC)c(OC)c3)nc3ccccc23)c1,0
COc1cc(Nc2nc(-c3ccc(OC)c(OC)c3)nc3ccccc23)ccc1Br,0
COc1ccc(-c2nc(Nc3cccc(S(=O)(=O)F)c3)c3ccccc3n2)cc1OC,0
COc1cc2c(cc1OC)CN(CCn1cc(COc3ccccc3NC(=O)c3ccc(C(C)(C)C)cc3)nn1)CC2,0
CCOC(=O)C1=C(C)NC(C)=C(C(=O)OCc2cn(CCOCCOCCn3cc(COC(=O)C4=C(C)NC(C)=C(C(=O)OCC)C4c4c(-c5ccc(Br)cc5)noc4C)nn3)nn2)C1c1c(-c2ccc(Br)cc2)noc1C,0
COc1cc2c(cc1OC)CN(CCn1cc(COc3ccccc3C(=O)Nc3ccccc3[N+](=O)[O-])nn1)CC2,0
COc1cc2c(cc1OC)CN(CCn1cc(COc3ccccc3C(=O)Nc3cccc([N+](=O)[O-])c3)nn1)CC2,0
CCOC(=O)C1=C(C)NC(C)=C(C(=O)OCc2cn(CCc3ccccc3)nn2)C1c1c(-c2ccc(Br)cc2)noc1C,0
COc1cc2c(cc1OC)CN(CCn1cc(COc3ccccc3C(=O)Nc3ccc([N+](=O)[O-])cc3)nn1)CC2,0
CCCCc1ccc(NC(=O)c2ccccc2OCc2cn(CCN3CCc4cc(OC)c(OC)cc4C3)nn2)cc1,0
COc1cc2c(cc1OC)CN(CCn1cc(COc3ccccc3C(=O)Nc3ccc(OC(F)(F)F)cc3)nn1)CC2,0
COc1cc2c(cc1OC)CN(CCn1cc(COc3ccccc3C(=O)Nc3ccc(F)cc3)nn1)CC2,0
COc1cc2c(cc1OC)CN(CCn1cc(COc3ccccc3C(=O)Nc3cc(OC)c(OC)c(OC)c3)nn1)CC2,0
COc1cc2c(cc1OC)CN(CCn1cc(COc3ccccc3C(=O)Nc3ccccc3)nn1)CC2,0
COc1cc2c(cc1OC)CN(CCn1cc(COc3ccccc3C(=O)Nc3ccccc3C)nn1)CC2,0
COc1cc2c(cc1OC)CN(CCn1cc(COc3ccccc3C(=O)Nc3cccc(Cl)c3)nn1)CC2,0
COc1cccc(NC(=O)c2ccccc2OCc2cn(CCN3CCc4cc(OC)c(OC)cc4C3)nn2)c1,0
O=C(Nc1ccccc1-n1cc(-c2ccccc2)nn1)c1ccccc1,0
O=C(Nc1ccccc1-c1nnn(-c2ccccc2)n1)C12CC3CC(CC(C3)C1)C2,0
O=C(Nc1ccccc1-c1nnn(-c2ccccc2)n1)c1ccccn1,0
COc1ccc(C(=O)Nc2ccccc2-c2nnn(-c3ccc(OC)nc3)n2)cc1,0
COc1cc2c(cc1OC)CN(CCn1cc(COc3ccccc3C(=O)Nc3ccc(Cl)cc3)nn1)CC2,0
COc1ccc(NC(=O)c2ccccc2OCc2cn(CCN3CCc4cc(OC)c(OC)cc4C3)nn2)cc1OC,0
COc1ccc(NC(=O)c2ccccc2OCc2cn(CCN3CCc4cc(OC)c(OC)cc4C3)nn2)cc1,0
COc1cc2c(cc1OC)CN(CCn1cc(COc3ccccc3C(=O)Nc3ccc(C)cc3)nn1)CC2,0
COc1cc2c(cc1OC)CN(CCn1cc(COc3ccccc3C(=O)Nc3cccc(C)c3)nn1)CC2,0
CC(C)C(=O)OC(C)(C)[C@@H]1Cc2c(ccc3ccc(=O)oc23)O1,0
COc1cc(NC(=O)Cc2cccc(-n3c(=O)c4c(C)onc4c4c(Cl)cccc43)c2)cc(OC)c1O,0
COc1ccc(NC(=O)Cc2cccc(-n3c(=O)c4c(C)onc4c4c(Cl)cccc43)c2)cc1OC,0
Cc1onc2c1c(=O)n(-c1cccc(CC(=O)Nc3ccc4c(c3)OCO4)c1)c1cccc(Cl)c21,0
Cc1onc2c1c(=O)n(-c1cccc(CC(=O)Nc3ccc(C#N)cc3)c1)c1cccc(Cl)c21,0
COc1cc(NC(=O)Cc2cccc(-n3c(=O)c4c(C)onc4c4c(Cl)cccc43)c2)cc(OC)c1,0
Cc1onc2c1c(=O)n(-c1cccc(CC(=O)Nc3ccccc3)c1)c1cccc(Cl)c21,0
c1ccc(CCc2ccccc2OCc2ccccn2)cc1,0
COc1cccc(CCc2ccccc2OCc2cccc(OC)c2)c1,0
C=C1/C(=C\C=C2/CCC[C@@]3(C)[C@H]2CC[C@@H]3[C@H](C)C[C@@H]2OC(=O)C(=C)[C@H]2CCCC)C[C@@H](O)[C@H](C)[C@@H]1O,0
COc1cccc(CCc2ccccc2OCc2ccccc2)c1,0
c1ccc(CCc2ccccc2OCc2cccnc2)cc1,0
COc1cccc(CCc2ccccc2OCc2ccccn2)c1,0
Cc1cc(C(=O)N[C@@H]2c3cc(-n4c(=O)c5c(C)onc5c5c(Cl)cccc54)ccc3C[C@H]2O)no1,0
COc1cc(CNCc2cccc(-n3c(=O)c4c(C)onc4c4c(Cl)cccc43)c2)cc(OC)c1OC,0
COc1cc(N(C)C(=O)Cc2cccc(-n3c(=O)c4c(C)onc4c4c(Cl)cccc43)c2)cc(OC)c1OC,0
Cc1nn(C)c(OCC(O)CN(C(C)C)C(C)C)c1C(=O)c1ccccc1,0
COc1cc(OCCc2cccc(-n3c(=O)c4c(C)onc4c4c(Cl)cccc43)c2)cc(OC)c1OC,0
Cc1ccccc1N1CCN(CC(O)Cn2c(C)c(C(=O)c3ccccc3)c(=O)n2-c2ccccc2)CC1,0
Cc1cc(C(=O)NCc2cccc(-n3c(=O)c4c(C)onc4c4c(Cl)cccc43)c2)no1,0
Cc1ccc(NC(=O)Cc2cccc(-n3c(=O)c4c(C)onc4c4c(Cl)cccc43)c2)cc1,0
Cc1ccccc1N1CCN(CC(O)Cn2c(C)c(C(=O)CCc3ccccc3)c(=O)n2-c2ccccc2)CC1,0
Cc1c(C(=O)c2cccs2)c(=O)n(-c2ccccc2)n1CC(O)CNC(C)(C)C,0
Cc1c(C(=O)c2ccccc2)c(=O)n(-c2ccccc2)n1CC(O)CN(C(C)C)C(C)C,0
CCCNc1c(C(=O)CCc2ccccc2)c(C)nn1-c1ccccc1,0
Cc1nn(-c2ccccc2)c(OCC(O)CN(C(C)C)C(C)C)c1C(=O)c1ccccc1,0
Cc1c(C(=O)c2ccccc2)c(=O)n(-c2ccccc2)n1CC(O)CNC(C)C,0
Cc1onc2c1c(=O)n(-c1cccc(CC(=O)Nc3ccc(F)cc3)c1)c1cccc(Cl)c21,0
COc1cc(NC(=O)Cc2cccc(-n3c(=O)c4c(C)onc4c4c(Cl)cccc43)c2)cc(OC)c1OC,0
CCC(C)c1ccc(N2C(=O)c3ccccc3NC2c2ccc(OC)cc2)cc1,0
CC(=O)c1ccc(OCC(O)CN2CCCCC2)cc1,0
CC(=O)c1cccc(OCC(O)CN2CCOCC2)c1,0
COc1cccc(NC(=O)Cc2cccc(-n3c(=O)c4c(C)onc4c4c(Cl)cccc43)c2)c1,0
COc1cc(C(=O)NCc2cccc(-n3c(=O)c4c(C)onc4c4c(Cl)cccc43)c2)cc(OC)c1OC,0
CCC(=O)c1ccccc1OCC(O)CN1CCOCC1,0
CC(=O)c1ccccc1OCC(O)CN1CCOCC1,0
Cc1ccccc1N1CCN(CC(O)COc2ccccc2C(=O)CCc2ccc(N(C)C)cc2)CC1,1
CC(=O)c1c(C)cc(C)c(CSc2nc3ccc(NC(=O)c4cccc5ccccc45)cc3s2)c1C,0
CCC(C)c1ccc(N2C(=O)c3ccccc3NC2c2ccc(C(C)C)cc2)cc1,0
CCC(C)c1ccc(C2Nc3ccccc3C(=O)N2c2ccc(Cl)cc2)cc1,0
CCc1ccc(N2C(=O)c3ccccc3NC2c2ccc(OCC(C)C)cc2)cc1,0
CC(C)(C)c1ccc(N2C(=O)c3ccccc3NC2c2ccc3c(c2)OCO3)cc1,0
COc1ccc(C2Nc3ccccc3C(=O)N2c2ccc(Oc3ccccc3)cc2)cc1,0
COc1ccc(CN2CCN(c3ccc(NC(=O)c4cc(OC)c(OC)cc4NC(=O)c4cnc5ccccc5c4)cc3)CC2)cc1OC,0
COc1ccc(CN2CCN(c3ccc(NC(=O)c4ccccc4NC(=O)c4cnc5ccccc5c4)cc3)CC2)cc1OC,0
O=C(Nc1ccccc1C(=O)N[C@@H]1CCCC[C@@H]1N1CCN(c2ccccc2)CC1)c1cnc2ccccc2c1,0
COc1ccc(CCN2CCC[C@@H]2CNC(=O)c2ccccc2NC(=O)c2cnc3ccccc3c2)cc1OC,0
COc1ccc(CCN2CCC[C@H]2CNC(=O)c2ccccc2NC(=O)c2cnc3ccccc3c2)cc1OC,0
COc1cccc(CCc2ccccc2OCc2ccncc2)c1,0
CCOc1ccc(N2C(=O)c3ccccc3NC2c2ccc(N(C)C)cc2)cc1,0
CCC/N=C(\c1ccccc1)c1c(C)[nH]n(C)c1=O,0
Cc1c(C(=O)c2ccccc2)c(=O)n(C)n1CC(O)CN(C(C)C)C(C)C,0
CCCNCC(O)Cn1c(C)c(C(=O)c2cccs2)c(=O)n1-c1ccccc1,0
Cc1c(C(=O)CCc2ccccc2)c(=O)n(-c2ccccc2)n1CC(O)CNC(C)C,0
CCCNCC(O)Cn1c(C)c(C(=O)c2ccccc2)c(=O)n1-c1ccccc1,0
CCCNCC(O)Cn1c(C)c(C(=O)CCc2ccccc2)c(=O)n1-c1ccccc1,0
CCC/N=C(\CCc1ccccc1)c1c(C)[nH]n(-c2ccccc2)c1=O,0
Cc1c(C(=O)c2ccccc2)c(=O)n(-c2ccccc2)n1CC(O)CNC(C)(C)C,0
CCCCNCC(O)Cn1c(C)c(C(=O)CCc2ccccc2)c(=O)n1-c1ccccc1,0
Cc1c(C(=O)CCc2ccccc2)c(=O)n(-c2ccccc2)n1CC(O)CNC(C)(C)C,0
Cc1c(C(=O)c2cccs2)c(=O)n(-c2ccccc2)n1CC(O)CNC(C)C,0
c1ccc(CCc2ccccc2OCc2ccncc2)cc1,0
COc1ccc2c(c1)/C(=C/CCN1CCc3cc(OC)c(OC)cc3C1)CCC2,0
COc1ccc(C2Nc3ccccc3C(=O)N2c2ccc(NC(C)=O)cc2)cc1,0
CCOCCOC(=O)c1ccc(N)cc1,0
COc1cccc(/C=N/NC(=O)C(=O)NC(C)(C)C)c1O,0
CCOC(=O)C(=NNc1c(Cl)cc(Cl)cc1Cl)C(=O)OCC,0
Cc1cc(C)n(-c2nnc(N/N=C\c3cccnc3)nn2)n1,0
CCOc1ccccc1NC(=O)C1=C(C)NC(=S)NC1c1cccs1,0
Cc1ccc(-c2n[nH]c3c2C(c2ccc(N(C)C)cc2)C(C#N)=C(N)O3)cc1,0
COc1cccc(CCc2ccccc2NCc2cc(OC)cc(OC)c2)c1,0
COc1cccc(CCc2ccccc2NCc2cccc(OC)c2)c1,0
COc1cccc(CCc2ccccc2OCc2cc(OC)cc(OC)c2)c1,0
COc1cc(COc2ccccc2CCc2ccccc2)cc(OC)c1,0
COc1ccc(COc2ccccc2CCc2ccccc2)cc1OC,0
COc1cccc(COc2ccccc2CCc2ccccc2)c1OC,0
COc1ccc(COc2ccccc2CCc2cccc(OC)c2)cc1,0
COc1ccc(COc2ccccc2CCc2ccccc2)cc1,0
COc1cccc(CCc2ccccc2OCc2ccccc2OC)c1,0
COc1ccccc1COc1ccccc1CCc1ccccc1,0
CSc1nc(N)c2c3c(sc2n1)CCCC3,0
COc1cccc2c1CCCC2CCCN1CCN(C2CCCCC2)CC1,0
COc1cc2c(cc1OC)CN(CCC=C1CCCCC1)CC2,0
COc1cc2c(cc1OC)CN(CCCC1CCCc3cc(OC)c(OC)cc31)CC2,0
COc1cc2c(cc1OC)CN(CCCC1CCCc3c(OC)cccc31)CC2,0
COc1ccc2c(c1)CCCC2CCCN1CCc2cc(OC)c(OC)cc2C1,0
COc1ccc2c(c1)C(CCCN1CCc3cc(OC)c(OC)cc3C1)CCC2,0
COc1cc2c(cc1OC)CN(CCCC1=CCCc3cc(OC)c(OC)cc31)CC2,0
COc1cc2c(cc1OC)CN(CCCC1=CCCc3c(OC)cccc31)CC2,0
COc1ccc2c(c1)CCC=C2CCCN1CCc2cc(OC)c(OC)cc2C1,0
COc1ccc2c(c1)C(CCCN1CCc3cc(OC)c(OC)cc3C1)=CCC2,0
COc1cccc2c1CCC/C2=C\CCN1CCCCC1,0
CCSc1nc(N)c2c3c(sc2n1)CCCC3,0
Nc1nc(SCCO)nc2sc3c(c12)CCCC3,0
CCOC(=O)CSc1nc(N)c2c3c(sc2n1)CCCC3,0
Nc1nc(SCCc2ccccc2)nc2sc3c(c12)CCCC3,0
Nc1nc(SCC(=O)c2ccccc2)nc2sc3c(c12)CCCC3,0
CCOC(=O)CSc1nc(N)c2c3c(sc2n1)CCC3,0
Nc1nc(SCCc2ccccc2)nc2sc3c(c12)CCC3,0
CCOC(=O)CSc1nc(N)c2c3c(sc2n1)COCC3,0
Nc1nc(SCCc2ccccc2)nc2sc3c(c12)CCOC3,0
CCOC(=O)CSc1nc(N)c2c3c(sc2n1)CN(Cc1ccccc1)CC3,0
CCOC(=O)CSc1nc(N)c2ccccc2n1,0
Nc1nc(SCCc2ccccc2)nc2ccccc12,0
CCOC(=O)CSc1nc(N)c2cc(OC)c(OC)cc2n1,0
COc1cc2nc(SCCc3ccccc3)nc(N)c2cc1OC,0
CN1CCN(C(C(=O)Nc2ccc(N(S(=O)(=O)c3ccccc3)S(=O)(=O)c3ccccc3)cc2C(=O)c2ccccc2)c2ccccc2)CC1,0
CN1CCN(C(C(=O)Nc2ccc(NC(=O)c3ccc4ccccc4c3)cc2C(=O)c2ccccc2)c2ccccc2)CC1,0
CSc1nc(N)c2c(C)c(C)sc2n1,0
CCSc1nc(N)c2c(C)c(C)sc2n1,0
CCOC(=O)CSc1nc(N)c2c(C)c(C)sc2n1,0
Cc1sc2nc(SCCc3ccccc3)nc(N)c2c1C,0
CN1CCN(C(C(=O)Nc2ccc(NC(=O)CCc3ccccc3)cc2C(=O)c2ccccc2)c2ccccc2)CC1,0
CN1CCN(C(C(=O)Nc2ccc(NC(=O)c3cccc4ccccc34)cc2C(=O)c2ccccc2)c2ccccc2)CC1,0
CN1CCN(C(C(=O)Nc2ccc(NC(=O)c3ccccc3)cc2C(=O)c2ccccc2)c2ccccc2)CC1,0
CN1CCN(C(C(=O)Nc2ccc(NC(=O)Cc3ccccc3)cc2C(=O)c2ccccc2)c2ccccc2)CC1,0
Cc1sc2nc(SCC(=O)c3ccccc3)nc(N)c2c1C,0
CN1CCN(C(C(=O)Nc2ccc(NC(=O)C(C)(C)C)cc2C(=O)c2ccccc2)c2ccccc2)CC1,0
O=[N+]([O-])c1c(-c2ccccc2)no[n+]1[O-],0
CC(C)N(C(=O)Nc1ccc(NC(=O)C(c2ccccc2)N2CCN(C)CC2)c(C(=O)c2ccccc2)c1)C(C)C,0
CN1CCN(CC(=O)Nc2ccc(NC(=O)c3ccc4ccccc4c3)cc2C(=O)c2ccccc2)CC1,0
CN1CCN(C(C(=O)Nc2ccc(NS(=O)(=O)c3ccccc3)cc2C(=O)c2ccccc2)c2ccccc2)CC1,0
CN1CCN(CC(=O)Nc2ccc(NC(=O)CCc3ccccc3)cc2C(=O)c2ccccc2)CC1,0
CCC(=O)Nc1ccc(NC(=O)C(c2ccccc2)N2CCN(C)CC2)c(C(=O)c2ccccc2)c1,0
CC1CCN(C(=O)Nc2ccc(NC(=O)C(c3ccccc3)N3CCN(C)CC3)c(C(=O)c3ccccc3)c2)CC1,0
CN1CCN(C(C(=O)Nc2ccc(NC(=O)c3cccnc3)cc2C(=O)c2ccccc2)c2ccccc2)CC1,0
CC(=O)Nc1ccc(NC(=O)C(c2ccccc2)N2CCN(C)CC2)c(C(=O)c2ccccc2)c1,0
CN1CCN(C(C(=O)Nc2ccc(NS(C)(=O)=O)cc2C(=O)c2ccccc2)c2ccccc2)CC1,0
O=[N+]([O-])c1ccccc1-c1nc(-c2ccc(Br)o2)no1,0
COc1ccc(/C=N/NC(=O)c2ccccc2F)cc1CN1CCN(c2ccc(F)cc2)CC1,0
N#Cc1ccc(-c2ccc(OCC(=O)NCCc3ccccc3)cc2)cc1,0
COc1cc(C(=O)N/N=C/c2ccc(OC)c(CN3CCN(c4ccc(F)cc4)CC3)c2)ccc1O,0
CCOC(=O)c1cccc(NC(=O)c2cnc3ccccc3n2)c1,0
CCN(CC)P(=O)(Nc1cccc(C(F)(F)F)c1)c1ccc(N(C)C)cc1NC(=O)c1ccco1,0
Cc1nc2cc(-c3cccc(F)c3)nn2c(N2CCN(C(=O)c3ccco3)CC2)c1C,0
O=C(CCc1ccccc1)c1ccccc1OCC(O)CN1CCOCC1,0
O=S(=O)(c1ccccc1)c1no[n+]([O-])c1-c1ccccc1,0
CCN(CC)CC(O)COc1ccccc1C(=O)c1ccccc1,0
CCCN(C)CC(O)COc1ccccc1C(=O)CCc1ccccc1,0
COc1ccc(/C=N/NC(=O)c2cccnc2)cc1CN1CCN(c2ccc(F)cc2)CC1,0
COc1ccc(CN2C(=O)c3ccccc3C2=O)cc1C(=O)Nc1ccccc1N1CCOCC1,0
CCOc1ccc(NC(=O)c2cccc3c2C(=O)N(CCOC)C3)cc1,0
CCOC(=O)c1c(NC(=O)CSc2ncccn2)sc2c1CCN(Cc1ccccc1)C2,0
COc1ccc(-c2nn(-c3ccccc3)cc2/C=C/C(=O)N2CCN(c3ccccn3)CC2)cc1,0
CCCCn1c(O)c(/N=N/c2ccccn2)c2ccccc21,0
O=S(=O)(c1ccccc1)c1c(-c2ccccc2)no[n+]1[O-],0
Cc1no[n+]([O-])c1S(=O)(=O)c1ccccc1,0
CCN1/C(=C/C=C/c2oc3ccc4ccccc4c3[n+]2CC)Oc2ccc3ccccc3c21.Cc1ccc(S(=O)(=O)[O-])cc1,0
Cc1cc(C)n(-c2ccc(Cl)c(C(=O)Nc3cc(C(F)(F)F)ccc3Cl)n2)n1,0
N#Cc1ccc(COC(=O)c2ccc(N3CCCC3)c([N+](=O)[O-])c2)cc1,0
CN(C)c1ccc(P(=O)(Nc2cccc(C(F)(F)F)c2)N2CCOCC2)c(NC(=O)c2cccs2)c1,0
COc1cc(/C=C/C(=O)O[C@@H]2C3C[C@@H](OC(=O)c4cc(OC)c(OC)c(OC)c4)CC([C@@H]2O)N3C)cc(OC)c1OC,0
CN(C)CC(O)COc1ccccc1C(=O)CCc1ccccc1,0
O=C(CCc1ccccc1)c1ccccc1OCC(O)CN1CCN(c2ccc(F)cc2)CC1,0
O=C(CCc1ccccc1)c1ccccc1OCC(O)CN1CCN(Cc2ccccc2)CC1,0
Cc1ccccc1N1CCN(CC(O)COc2ccccc2C(=O)CCc2ccccc2)CC1,0
COc1ccc(N2CCN(CC(O)COc3ccccc3C(=O)CCc3ccccc3)CC2)cc1,0
COc1cccc(N2CCN(CC(O)COc3ccccc3C(=O)CCc3ccccc3)CC2)c1,0
COc1ccccc1N1CCN(CC(O)COc2ccccc2C(=O)CCc2ccccc2)CC1,0
O=C(CCc1ccccc1)c1ccccc1OCC(O)CN1CCN(c2ccccc2)CC1,0
CC(=O)c1ccccc1OCC(O)CN1CCCCC1,0
CCC(=O)c1ccccc1OCC(O)CN1CCCCC1,0
CC(C)N(CC(O)COc1ccccc1C(=O)CCc1ccccc1)C(C)C,0
CCN(CC)CC(O)COc1ccccc1C(=O)CCc1ccccc1,0
O=C(CCc1ccccc1)c1ccc(OCC(O)CN2CCCCC2)cc1,0
Cc1ccccc1N1CCN(CC(O)COc2ccccc2C(=O)CCc2ccc(Cl)cc2)CC1,1
CC(=O)c1ccccc1OCC(O)CN1CCC(O)(c2ccccc2)CC1,0
CC(=O)c1ccccc1OCC(O)CN1CCC(Cc2ccccc2)CC1,0
CC(C)OC(CCc1ccccc1)c1ccccc1OCC(O)CN1CCCCC1,0
O=C(CCc1ccccc1)c1cc(OCc2ccccc2)ccc1OCC(O)CN1CCN(Cc2ccccc2)CC1,0
CC(C)N(CC(O)COc1ccc(O)cc1C(=O)CCc1ccccc1)C(C)C,0
O=C(CCc1ccccc1)c1ccccc1OCC(O)CNC1CCCCC1,0
O=C(CCc1ccccc1)c1ccccc1OCC(O)CNc1ccccc1,0
O=C(CCc1ccccc1)c1ccccc1OCC(O)CNCCC(c1ccccc1)c1ccccc1,0
O=C(CCc1ccccc1)c1cc(O)ccc1OCC(O)CN1CCCCC1,0
O=C(CCc1ccccc1)c1cc(OCc2ccccc2)ccc1OCC(O)CN1CCCCC1,0
CCCNCC(O)COc1ccc(OCc2ccccc2)cc1C(=O)CCc1ccccc1,0
COC(CCc1ccccc1)c1ccccc1OCC(O)CN1CCOCC1,0
OC(COc1ccccc1C(O)CCc1ccccc1)CN1CCOCC1,0
COC(CCC1=CCCC=C1)c1ccccc1OCC(O)CNCCC(c1ccccc1)c1ccccc1,0
O=C(CCc1cccc2ccccc12)c1ccccc1OCC(O)CNCCC(c1ccccc1)c1ccccc1,0
O=C(CCc1ccccc1)c1ccccc1OCC(O)CN(C(c1ccccc1)c1ccccc1)C(c1ccccc1)c1ccccc1,0
O=C(CCc1ccccc1)c1ccccc1OCC(O)CNCC(c1ccccc1)c1ccccc1,0
O=C(CCc1cccc2ccccc12)c1ccccc1OCC(O)CN1CCCCC1,0
COC(CCc1ccccc1)c1ccccc1OCC(O)CN(C(C)C)C(C)C,0
CC(C)N(CC(O)COc1ccccc1C(O)CCc1ccccc1)C(C)C,0
CC(C)N(CC(O)COc1ccc(C(=O)CCc2ccccc2)cc1)C(C)C,0
O=C(CCc1ccccc1)c1cccc(OCC(O)CN2CCN(c3ccc(F)cc3)CC2)c1,0
COC(CCc1ccccc1)c1ccccc1OCC(O)CN1CCN(c2ccc(F)cc2)CC1,0
OC(COc1ccccc1C(O)CCc1ccccc1)CN1CCN(c2ccc(F)cc2)CC1,0
O=C(CCc1ccccc1)c1ccc(OCC(O)CN2CCOCC2)cc1,0
O=C(CCc1ccccc1)c1cccc(OCC(O)CN2CCCCC2)c1,0
O=C(CCc1ccccc1)c1ccc(OCC(O)CN2CCN(c3ccc(F)cc3)CC2)cc1,0
CCCNCC(O)COc1ccc(O)cc1C(=O)CCc1ccccc1,0
O=C(CCc1ccccc1)c1ccccc1OCC(O)CN1CCC(Cc2ccccc2)CC1,0
COc1ccccc1N1CCN(CC(O)c2oc3ccccc3c2CCc2ccccc2)CC1,0
CCCNCC(O)c1oc2ccccc2c1CC,0
c1ccc(CCc2c(CCN3CCCCC3)oc3ccccc23)cc1,0
COC(CCc1ccccc1)c1ccccc1OCC(O)CN1CCCCC1,0
Cc1ccc(CCC(=O)c2ccccc2OCC(O)CN2CCN(c3ccccc3C)CC2)cc1,1
O=C(CCc1ccccc1)c1ccc(OCC(O)CNCCC(c2ccccc2)c2ccccc2)cc1,0
O=C(CCc1ccccc1)c1cccc(OCC(O)CN2CCOCC2)c1,0
Cc1cccc(N2CCN(CC(O)COc3cccc(C(=O)CCc4ccccc4)c3)CC2)c1C,0
O=C(CCc1ccccc1)c1cccc(OCC(O)CNCCC(c2ccccc2)c2ccccc2)c1,0
Cc1ccccc1N1CCN(CC(O)COc2cccc(C(=O)CCc3ccccc3)c2)CC1,0
CC(=O)c1ccc(OCC(O)CNCCC(c2ccccc2)c2ccccc2)cc1,0
COc1ccc(C(=O)CCc2ccc(N(C)C)cc2)c(OCC(O)CN2CCN(c3ccccc3C)CC2)c1,0
CC(=O)c1cc(Cl)c(Cl)cc1OCC(O)CN1CCN(c2ccccc2C)CC1,0
CC(=O)c1ccc(C)cc1OCC(O)CN1CCN(c2ccccc2C)CC1,0
CC(=O)c1ccccc1OCC(O)CN1CCN(c2ccccc2C)CC1,0
CC(=O)c1cc(C(C)=O)c(OCC(O)CN2CCN(c3ccccc3C)CC2)cc1C,0
CC(=O)c1cc(C)ccc1OCC(O)CN1CCN(c2ccccc2C)CC1,0
COc1ccc(OCC(O)CN2CCN(c3ccccc3C)CC2)c(C(C)=O)c1,0
COc1ccc(C(=O)CCc2ccccc2)c(OCC(O)CN2CCN(c3ccccc3C)CC2)c1,0
Cc1cccc(N2CCN(CC(O)COc3ccc(C(=O)CCc4ccccc4)cc3)CC2)c1C,0
CC(=O)c1ccccc1OCC(O)CN1CCN(c2cccc(C)c2C)CC1,0
CC(=O)c1cccc(OCC(O)CN2CCN(c3ccccc3C)CC2)c1,0
CC1c2ccccc2OC1CN1CCCCC1,0
c1ccc(CCC2c3ccccc3OC2CN2CCCCC2)cc1,0
CC1c2ccccc2OC1C(=O)N1CCCCC1,0
O=C(C1Oc2ccccc2C1CCc1ccccc1)N1CCCCC1,0
CC(=O)c1cccc(OCC(=O)CN2CCN(c3cccc(C)c3C)CC2)c1,0
CC(=O)c1ccc(OCC(O)CN2CCN(c3ccccc3C)CC2)cc1,0
CC(=O)c1ccc(OCC(O)CN2CCN(c3cccc(C)c3C)CC2)cc1,0
O=C1CC(CN2CCCCC2)Oc2ccccc21,0
Cc1ccc(N2CCN(CC(O)COc3cccc4c3C(=O)C(Cc3ccccc3)C4)CC2)c(C)c1,0
O=C1c2cccc(OCC(O)CN3CCCCC3)c2CC1Cc1ccccc1,0
O=C1c2c(cccc2OCC(O)CN2CCCCC2)CC1Cc1ccccc1,0
O=C1CCc2c(OCC(O)CN3CCCCC3)cccc21,0
CC(C)(C)C(NCC(O)COc1ccccc1C(=O)CCc1ccccc1)c1ccccc1,0
CC1Cc2cccc(OCC(O)CN3CCCCC3)c2C1=O,0
Cc1ccccc1N1CCN(CC(O)COc2cc(Cl)c(Cl)cc2C(=O)CCc2ccccc2)CC1,1
O=C(CCc1ccccc1)c1ccccc1OCC(O)CNC(c1ccccc1)C1CCCCC1,0
CC(C)C(NCC(O)COc1ccccc1C(=O)CCc1ccccc1)c1ccccc1,0
CC(=O)c1ccc(OCC(O)CN2CCOCC2)cc1,0
CC(=O)c1ccc(OCC(O)CN2CCN(c3ccc(F)cc3)CC2)cc1,0
O=C(CCc1ccccc1)c1ccccc1OCC(O)CN1CCN(C(=O)c2ccccc2)CC1,0
CC(=O)c1cccc(OCC(O)CN2CCN(c3ccc(F)cc3)CC2)c1,0
CC(=O)c1cccc(OCC(O)CN2CCCCC2)c1,0
O=C(CCc1cccc2ccccc12)c1ccccc1OCC(O)CN1CCC(O)(c2ccccc2)CC1,0
CCC(=O)c1ccccc1OCC(O)CN1CCC(O)(c2ccccc2)CC1,0
CC(C)N(CC(O)COc1ccccc1C(=O)CCc1cccc2ccccc12)C(C)C,0
NC(=O)c1no[n+]([O-])c1S(=O)(=O)c1ccccc1,0
O=C(CCc1cccc2ccccc12)c1ccccc1OCC(O)CN1CCOCC1,0
CCCN(CC(O)COc1ccccc1C(=O)CCc1ccccc1)C(=O)c1ccccc1,0
CCC(=O)N(Cc1ccccc1)CC(O)COc1ccccc1C(=O)CCc1ccccc1,0
O=C(CCc1ccccc1)c1ccccc1OCC(O)CNc1ccc([N+](=O)[O-])cc1,0
O=C(CCc1ccccc1)c1ccccc1OCC(O)CNc1ccc(C(F)(F)F)cc1,0
Cc1ccc(OCC(O)CN2CCN(c3ccccc3C)CC2)c(C(=O)CCc2ccccc2)c1,0
COc1ccc(OCC(O)CN2CCN(c3ccccc3C)CC2)c(C(=O)CCc2ccccc2)c1,0
Cc1ccccc1N1CCN(CC(O)COc2ccc(Cl)cc2C(=O)CCc2ccccc2)CC1,0
NC(=O)c1c(S(=O)(=O)c2ccccc2)no[n+]1[O-],0
N#Cc1no[n+]([O-])c1S(=O)(=O)c1ccccc1,0
COC(=O)c1ccc(NCC(O)COc2ccccc2C(=O)CCc2ccccc2)cc1,0
N#Cc1c(S(=O)(=O)c2ccccc2)no[n+]1[O-],0
O=S(=O)(c1ccccc1)c1no[n+]([O-])c1S(=O)(=O)c1ccccc1,0
CC(=O)OC(COc1ccccc1C(=O)CCc1ccccc1)CN1CCCCC1,0
COc1ccc(CCC(=O)c2ccccc2OCC(O)CN2CCN(c3ccccc3C)CC2)cc1,1
CC(=O)C1CC[C@H]2[C@H]3[C@H](CC[C@]12C)[C@@]1(C)CCC(=O)C=C1C[C@H]3Sc1ccc(NC(=O)N[C@H](C)c2ccccc2)cc1,0
CCN(CC)CCCC(C)Nc1c2ccc(Cl)cc2nc2ccc(OC)cc12,0
Cc1nc2cc(-c3cccc(Cl)c3)nn2c(N2CCN(C(=O)c3ccoc3)CC2)c1C,1
CC(C)(C)OC(=O)N1CCN(c2cc(-c3ccco3)nc3cc(-c4ccccc4)nn23)CC1,1
O=C1CN(c2cc(-c3ccco3)nc3cc(-c4ccccc4)nn23)CCN1c1ccccc1,1
CC(C)(C)c1cc2nc(-c3ccco3)cc(N3CCN(C(=O)c4ccoc4)CC3)n2n1,1
Cc1coc(C)c1C(=O)N1CCN(c2cc(-c3ccco3)nc3cc(-c4ccccc4)nn23)CC1,1
COc1ccc(-c2[nH]nc3nc(N4CCN(C(=O)c5ccoc5)CC4)cc(C(F)(F)F)c23)cc1,1
O=C(c1ccccc1)N1CCN(c2cc(-c3ccco3)nc3cc(-c4ccccc4)nn23)CC1,1
O=C(c1ccoc1)N1CCN(c2cc(-c3ccco3)nc3cc(-c4ccc(Cl)cc4)nn23)CC1,1
CC(=O)N1CCN(c2cc(C)nc3cc(-c4cccc(F)c4)nn23)CC1,1
O=C(c1ccoc1)N1CCN(c2cc(-c3ccco3)nc3cc(-c4cccc(Cl)c4)nn23)CC1,1
CC(=O)N1CCN(c2cc(-c3ccco3)nc3cc(-c4cccc(Cl)c4)nn23)CC1,1
O=C(c1ccoc1)N1CCCN(c2cc(-c3ccco3)nc3cc(-c4ccccc4)nn23)C1,1
O=C(c1ccoc1)N1CCN(c2cc(-c3cccc(F)c3)nc3cc(-c4cccc(Cl)c4)nn23)CC1,1
O=C(c1ccoc1)N1CCN(c2cc(-c3ccccc3F)nc3cc(-c4ccccc4)nn23)CC1,1
COc1ccccc1-c1cc2nc(-c3ccco3)cc(N3CCN(C(=O)c4ccoc4)CC3)n2n1,1
CC(C)(C)c1cc(N2CCN(C(=O)c3ccoc3)CC2)n2nc(-c3ccccc3)cc2n1,1
O=C(c1ccoc1)N1CCN(c2cc(-c3ccccc3)nc3cc(-c4ccncc4)nn23)CC1,1
CCc1c(C)nc2cc(-c3cccc(OC)c3)nn2c1N1CCN(C(=O)c2ccoc2)CC1,1
COc1ccc(-c2cc3nc(-c4ccccc4)cc(N4CCN(C(=O)c5ccoc5)CC4)n3n2)cc1,1
CN(CCCN(C)c1cc(-c2ccco2)nc2cc(-c3ccccc3)nn12)C(=O)c1ccoc1,1
c1ccc(-c2cc3nc(-c4ccco4)cc(N4CCNCC4)n3n2)cc1,1
COc1cccc(-c2cc3nc(-c4ccco4)cc(N4CCN(C(C)=O)CC4)n3n2)c1,0
COc1cccc(-c2cc(N3CCN(C(=O)c4ccoc4)CC3)n3nc(-c4ccccc4)cc3n2)c1,1
Cc1cc(N2CCN(C(=O)c3ccoc3)CC2)n2nc(-c3ccccc3)cc2n1,1
COc1ccc(-c2cc3nc(C)c(C)c(N4CCN(C(C)=O)CC4)n3n2)cc1,1
COc1cccc(-c2cc3nc(-c4ccco4)cc(N4CCN(C(=O)c5ccoc5)CC4)n3n2)c1,1
O=C(Nc1ccccc1)C1CCN(c2cc(-c3ccco3)nc3cc(-c4ccccc4)nn23)CC1,0
COc1cccc(-c2cc(N3CCN(C(=O)c4ccoc4)CC3)n3nc(-c4cccc(OC)c4)cc3n2)c1,1
Cc1ccc(-c2cc3nc(-c4ccco4)cc(N4CCN(Cc5ccoc5)CC4)n3n2)cc1,1
Cc1occc1C(=O)N1CCN(c2cc(-c3ccco3)nc3cc(-c4ccccc4)nn23)CC1,1
COc1ccc(-c2cc3nc(C)c(C)c(N4CCN(C(=O)c5ccco5)CC4)n3n2)cc1,1
O=C(c1ccoc1)N1CCN(c2cc(-c3ccco3)nc3cc(-c4ccco4)nn23)CC1,1
COc1ccc(-c2cc3nc(-c4ccco4)cc(N4CCN(C(=O)c5ccoc5)CC4)n3n2)cc1,1
CNCCN(C)c1cc(-c2ccco2)nc2cc(-c3ccccc3)nn12,1
O=C(C1CCCO1)N1CCN(c2c3c(nc4cc(-c5cccc(F)c5)nn24)CCCC3)CC1,1
CC1CN(C(=O)OC(C)(C)C)CCN1c1cc(-c2ccco2)nc2cc(-c3ccccc3)nn12,1
O=C(OCc1ccccc1)N1CCN(c2cc(-c3ccco3)nc3cc(-c4ccccc4)nn23)CC1,1
COC(=O)c1cccc(-c2cc(N3CCN(C(=O)c4ccoc4)CC3)n3nc(-c4cccc(OC)c4)cc3n2)c1,1
Cc1ccc(-c2cc3nc(-c4ccco4)cc(N4CCN(C(=O)c5ccoc5)CC4)n3n2)cc1,1
O=C(c1ccoc1)N1CCN(c2cc(-c3cccc(F)c3)nc3cc(-c4ccccc4)nn23)CC1,1
O=C(c1ccoc1)N1CCN(c2cc(-c3ccco3)nc3cc(-c4cccc(-c5ccco5)c4)nn23)CC1,1
Cc1cc(C(=O)N2CCN(c3cc(-c4ccco4)nc4cc(-c5ccccc5)nn34)CC2)c(C)o1,1
O=C(c1ccoc1)N1CCN(c2cc(-c3cccs3)nc3cc(-c4ccccc4)nn23)CC1,1
COc1cc(OC)cc(-c2cc3nc(C)c(C)c(N4CCN(C(=O)c5ccoc5)CC4)n3n2)c1,1
COc1ccccc1-c1cc(N2CCN(C(=O)c3ccoc3)CC2)n2nc(-c3ccccc3)cc2n1,1
COc1cccc(-c2cc3nc(-c4cccc(C(F)(F)F)c4)cc(N4CCN(C(=O)c5ccoc5)CC4)n3n2)c1,0
CN(C)c1cc(-c2ccco2)nc2cc(-c3ccccc3)nn12,1
Cc1cc(N2CCN(C(=O)c3ccoc3)CC2)n2nc(-c3ccncc3)cc2n1,1
COc1cccc(-c2cc3nc(C)cc(N4CCN(C(=O)c5ccoc5)CC4)n3n2)c1,1
CN(CCN(C)c1cc(-c2ccco2)nc2cc(-c3ccccc3)nn12)C(=O)c1ccoc1,1
c1ccc(CN2CCN(c3cc(-c4ccco4)nc4cc(-c5ccccc5)nn34)CC2)cc1,1
Cc1c(-c2ccco2)nc2cc(-c3ccccc3)nn2c1N1CCN(C(=O)c2ccoc2)CC1,1
Cc1nc2cc(-c3ccccc3)nn2c(N2CCN(C(=O)c3ccoc3)CC2)c1C,1
Cc1ccc(-c2cc(N3CCN(C(=O)c4ccoc4)CC3)n3nc(-c4ccccc4)cc3n2)o1,1
Cc1nc2cc(-c3ccncc3)nn2c(N2CCN(C(=O)c3ccoc3)CC2)c1C,1
O=C(c1ccoc1)N1CCN(c2cc(-c3ccco3)nc3cc(-c4cccs4)nn23)CC1,1
Cc1cc(N2CCN(C(=O)c3ccco3)CC2)n2nc(-c3ccccc3)nc2n1,1
CC(=O)N1CCN(c2cc(-c3ccccc3)nc3cc(-c4ccccc4)nn23)CC1,1
COc1cccc(-c2cc3nc(-c4ccccc4)c(C)c(N4CCN(C(=O)c5ccoc5)CC4)n3n2)c1,1
CC1CN(C(=O)c2ccoc2)CCN1c1cc(-c2ccco2)nc2cc(-c3ccccc3)nn12,1
O=C(c1ccco1)N1CCN(c2c3c(nc4cc(-c5ccc(F)cc5)nn24)CCC3)CC1,1
Cc1ccc(-c2nc3nc(C)cc(N4CCN(C(=O)c5ccco5)CC4)n3n2)cc1,1
CNCCCN(C)c1cc(-c2ccco2)nc2cc(-c3ccccc3)nn12,1
Cc1cccc(-c2cc3nc(-c4ccco4)cc(N4CCN(C(=O)c5ccoc5)CC4)n3n2)c1,1
COc1ccc(-c2cc(N3CCN(C(=O)c4ccoc4)CC3)n3nc(-c4ccccc4)cc3n2)cc1,1
Cc1nc2cc(-c3ccc4c(c3)OCO4)nn2c(N2CCN(C(=O)c3ccoc3)CC2)c1C,1
COc1ccc(-c2cc3nc(C)c(C)c(N4CCN(C(=O)c5ccoc5)CC4)n3n2)cc1,1
Cc1nc2cc(-c3ccc(F)cc3)nn2c(N2CCN(C(=O)c3ccco3)CC2)c1C,1
O=C(c1ccco1)N1CCN(c2cc(-c3ccco3)nc3cc(-c4ccccc4)nn23)CC1,1
O=C(c1ccoc1)N1CCN(c2cc(-c3ccc(F)cc3)nc3cc(-c4ccccc4)nn23)CC1,1
O=C(c1ccoc1)N1CCN(c2cc(-c3ccco3)nc3cc(-c4ccccc4)nn23)CC1,1
O=C(c1coc2ccccc12)N1CCN(c2cc(-c3ccco3)nc3cc(-c4ccccc4)nn23)CC1,1
Cc1cc(N2CCN(C(=O)c3ccco3)CC2)n2ncc(-c3ccccc3)c2n1,1
COc1cccc(-c2cc3nc(C)c(C)c(N4CCN(C(=O)c5ccoc5)CC4)n3n2)c1,1
O=C(c1ccoc1)N1CCN(c2cc(-c3ccoc3)nc3cc(-c4ccccc4)nn23)CC1,1
Cc1cc(N2CCN(C(=O)C3CCCO3)CC2)n2nc(-c3cccc(F)c3)cc2n1,1
CC(=O)N1CCN(c2cc(-c3ccco3)nc3cc(-c4ccccc4)nn23)CC1,1
Cc1nc2cc(-c3ccc(Br)cc3)nn2c(N2CCN(C(=O)c3ccoc3)CC2)c1C,1
COc1cccc(-c2cc3nc(C)c(C)c(N4CCN(C(=O)c5ccco5)CC4)n3n2)c1,1
O=C(c1ccsc1)N1CCN(c2cc(-c3ccco3)nc3cc(-c4ccccc4)nn23)CC1,1
COc1cccc(-c2cc3nc(-c4ccccc4)cc(N4CCN(C(=O)c5ccoc5)CC4)n3n2)c1,1
COc1cccc(-c2cc3nc(C)c(C(C)C)c(N4CCN(C(=O)c5ccoc5)CC4)n3n2)c1,1
COc1cccc(-c2cc3nc(-c4cccc(C#N)c4)cc(N4CCN(C(=O)c5ccoc5)CC4)n3n2)c1,1
CCOc1no[n+]([O-])c1S(=O)(=O)c1ccccc1,0
CCCCOc1no[n+]([O-])c1S(=O)(=O)c1ccccc1,0
COc1cc2c(cc1OC)CN(Cc1ccc(Oc3ccc(C(N)=S)cn3)cc1)CC2,0
COc1cc2c(cc1OC)CN(Cc1ccc(Oc3ccc(C(N)=O)cn3)cc1)CC2,0
COc1ccc(-c2nc(CN3CCc4cc(OC)c(OC)cc4C3)cs2)cc1,0
COc1ccc(-c2ccc(CN3CCc4cc(OC)c(OC)cc4C3)cc2)cc1,0
COc1cc2c(cc1OC)CN(Cc1ccc(Oc3ccc(-c4nc(-c5ccc(F)cc5)cs4)cn3)cc1)CC2,0
COc1cc2c(cc1OC)CN(Cc1ccc(Oc3ccc(-c4nc(-c5ccc([N+](=O)[O-])cc5)cs4)cn3)cc1)CC2,0
COc1cccc(-c2csc(-c3ccc(Oc4ccc(CN5CCc6cc(OC)c(OC)cc6C5)cc4)nc3)n2)c1,0
COc1cc2c(cc1OC)CN(Cc1ccc(Oc3ccc(-c4nc(-c5cccc(O)c5)cs4)cn3)cc1)CC2,0
Oc1ccc(Cc2nc3c(Cc4ccccc4)nc(-c4ccc(O)cc4)cn3c2O)cc1,0
CCCCCCOc1no[n+]([O-])c1S(=O)(=O)c1ccccc1,0
CCCCCCCCOc1no[n+]([O-])c1S(=O)(=O)c1ccccc1,0
CCCCCCCCCCOc1no[n+]([O-])c1S(=O)(=O)c1ccccc1,0
CC(C)Oc1no[n+]([O-])c1S(=O)(=O)c1ccccc1,0
CCC(C)Oc1no[n+]([O-])c1S(=O)(=O)c1ccccc1,0
O=S(=O)(c1ccccc1)c1c(Oc2ccccc2)no[n+]1[O-],0
CCCCOc1nonc1S(=O)(=O)c1ccccc1,0
CCCCCCOc1nonc1S(=O)(=O)c1ccccc1,0
CC1(C)CCC(C)(C)c2cc(-c3cc(-c4ccc(C(=O)O)cc4)no3)ccc21,0
COc1cc2c(cc1OC)CN(Cc1ccc(-c3ccc4ccccc4c3)o1)CC2,0
COc1cc2c(cc1OC)CN(Cc1coc(-c3ccc4cc(F)ccc4c3)n1)CC2,0
COc1cc2c(cc1OC)CN(Cc1csc(-c3ccc4cc(F)ccc4c3)n1)CC2,0
COc1cc2c(cc1OC)CN(Cc1csc(-c3ccc4cc(Br)ccc4c3)n1)CC2,0
COc1cc2c(cc1OC)CN(Cc1csc(-c3ccc4ccccc4c3)n1)CC2,0
COc1ccc2cc(-c3ccc(CN4CCc5cc(OC)c(OC)cc5C4)o3)ccc2c1,0
COc1cc2c(cc1OC)CN(Cc1coc(-c3ccc4cc(O)ccc4c3)n1)CC2,0
COc1cc2c(cc1OC)CN(Cc1coc(-c3ccc4ccccc4c3)n1)CC2,0
COc1cc2c(cc1OC)CN(Cc1coc(-c3ccc4cc(Br)ccc4c3)n1)CC2,0
COc1ccc2cc(-c3nc(CN4CCc5cc(OC)c(OC)cc5C4)cs3)ccc2c1,0
COc1ccc2cc(-c3nc(CN4CCc5cc(OC)c(OC)cc5C4)co3)ccc2c1,0
CCCNC[C@@H](O)COc1ccccc1C(=O)CCc1ccccc1,0
COc1cc2c(cc1OC)CN(CCCN1CCc3c(OCCF)cccc3C1=O)CC2,0
COc1ccc(C2=C(c3cc(OC)c(OC)c(OC)c3)C(=O)N(CC(=O)c3ccc(OCc4ccccc4)c(OC)c3)C2=O)cc1OC,0
COc1ccc(C2=C(c3ccc(OC)c(OC)c3)C(=O)N(CC(=O)c3ccc(OCc4ccccc4)c(OC)c3)C2=O)cc1OC,0
CC1(C)[C@@H](O)CC[C@@]2(C)[C@H]1CC[C@]1(C)[C@@H]2C[C@@H](O)[C@@H]2[C@@H]([C@@](C)(O)CCCNCCc3ccccc3)CC[C@]21C,0
CCCNC[C@H](O)COc1ccccc1C(=O)CCc1ccccc1,0
CC1(C)[C@@H](O)CC[C@@]2(C)[C@H]1CC[C@]1(C)[C@@H]2C[C@@H](O)[C@@H]2[C@@H]([C@@](C)(O)CCCNCc3ccccc3)CC[C@]21C,0
O[C@H](COc1ccccc1[C@@H](O)CCc1ccccc1)CN1CCCCC1,0
O[C@@H](CCc1ccccc1)c1ccccc1OC[C@H](O)CN1CCCCC1,0
O[C@H](COc1ccccc1[C@H](O)CCc1ccccc1)CN1CCCCC1,0
O[C@@H](COc1ccccc1[C@H](O)CCc1ccccc1)CN1CCCCC1,0
OC(CN1CCCCC1)C1Oc2ccccc2C1CCc1ccccc1,0
CC(C)[C@@H](CCl)N(C)[C@@H]1C2C=C(C#N)C=CC2OC(C)(C)[C@H]1O,0
O=C(CCc1cccc2ccccc12)c1cccc(OCC(O)CN2CCN(c3ccc(F)cc3)CC2)c1,0
Cc1ccccc1N1CCN(CC(O)COc2cccc(C(=O)CCc3cccc4ccccc34)c2)CC1,0
CNC1c2cc(C#N)ccc2OC(C)(C)C1O,0
CC1(C)Oc2ccc(C#N)cc2C(NCc2ccccc2)C1O,0
CN[C@@H]1c2cc(C#N)ccc2OC(C)(C)[C@H]1O,0
CC1(C)Oc2ccc(C#N)cc2[C@@H](NCc2ccccc2)[C@@H]1O,0
CC1(C)Oc2ccc(C#N)cc2[C@H](NCc2ccccc2)[C@H]1O,0
CCN(CC)c1ccc(Cc2c(Cc3ccc(OC)c(OC)c3)nc(NC(=O)c3cc(OC)c(OC)c(OC)c3)n2C)cc1,0
CCN(CC)c1ccc(Cc2c(Cc3ccc(OC)c(OC)c3)nc(N(C(=O)/C=C/c3cc(OC)c(OC)c(OC)c3)C(=O)/C=C/c3cc(OC)c(OC)c(OC)c3)n2C)cc1,0
COc1cccc(CCc2ccccc2OCc2cc(OC)c(OC)c(OC)c2)c1,0
COc1ccc(CCc2ccccc2OCc2ccc(OC)c(OC)c2)cc1OC,0
COc1cccc(CCc2ccccc2OCc2cc(OC)c(OC)c(OC)c2)c1OC,0
COc1cccc(COc2ccccc2CCc2cc(OC)c(OC)c(OC)c2)c1OC,0
CN[C@H]1c2cc(C#N)ccc2OC(C)(C)[C@@H]1O,0
COc1ccc(COc2ccccc2CCc2cc(OC)c(OC)c(OC)c2)cc1OC,0
COc1cc(CCc2ccccc2OCc2cc(OC)c(OC)c(OC)c2)cc(OC)c1OC,1
COc1cc(COc2ccccc2CCc2cc(OC)c(OC)c(OC)c2)cc(OC)c1,0
COc1cccc(CCc2ccccc2OCc2ncccn2)c1,0
COc1cccc(CCc2ccccc2NCc2ccncc2)c1,0
COc1cccc(CCc2ccccc2NC(=O)c2cccc(OC)c2)c1,0
COc1cccc(CCc2ccccc2NC(=O)c2cccnc2)c1,0
CC(C)[C@@H](N[C@H]1c2ccccc2OC(C)(C)[C@@H]1O)C(=O)OC(C)(C)C,0
CC(C)[C@@H](N[C@@H]1c2cc(C#N)ccc2OC(C)(C)[C@H]1O)C(=O)OC(C)(C)C,0
CC(C)[C@@H](C(=O)OC(C)(C)C)N(C)[C@@H]1c2cc(C#N)ccc2OC(C)(C)[C@H]1O,0
CC(C)[C@@H](C(=O)OC(C)(C)C)N(C)[C@H]1c2cc(C#N)ccc2OC(C)(C)[C@@H]1O,0
CC(C)[C@H](C(=O)OC(C)(C)C)N(C)[C@@H]1c2cc(C#N)ccc2OC(C)(C)[C@H]1O,0
CC(NC1c2cc(C#N)ccc2OC(C)(C)C1O)C(=O)OC(C)(C)C,0
C[C@H](N[C@H]1c2cc(C#N)ccc2OC(C)(C)[C@@H]1O)C(=O)OC(C)(C)C,0
C[C@@H](C(=O)OC(C)(C)C)N(C)[C@H]1c2cc(C#N)ccc2OC(C)(C)[C@@H]1O,0
C[C@@H](C(=O)OC(C)(C)C)N(C)[C@@H]1c2cc(C#N)ccc2OC(C)(C)[C@H]1O,0
CC(C)[C@@H]1N[C@@H]2c3cc(C#N)ccc3OC(C)(C)[C@H]2OC1=O,0
CC(C)[C@@H]1N[C@H]2c3cc(C#N)ccc3OC(C)(C)[C@@H]2OC1=O,0
CC(C)[C@H]1N[C@H]2c3cc(C#N)ccc3OC(C)(C)[C@@H]2OC1=O,0
C[C@@H]1N[C@H]2c3cc(C#N)ccc3OC(C)(C)[C@@H]2OC1=O,0
C[C@H]1C(=O)O[C@@H]2[C@H](c3cc(C#N)ccc3OC2(C)C)N1C,0
C[C@@H]1N[C@@H]2c3cc(C#N)ccc3OC(C)(C)[C@H]2OC1=O,0
C[C@H]1C(=O)O[C@H]2[C@@H](c3cc(C#N)ccc3OC2(C)C)N1C,0
CC(C)[C@H]1C(=O)O[C@H]2[C@@H](c3cc(C#N)ccc3OC2(C)C)N1C,0
CC(C)[C@@H]1C(=O)O[C@H]2[C@@H](c3cc(C#N)ccc3OC2(C)C)N1C,0
CC(C)[C@@H]1C(=O)O[C@@H]2[C@H](c3cc(C#N)ccc3OC2(C)C)N1C,0
CC(C)[C@H]1C(=O)O[C@@H]2[C@H](c3cc(C#N)ccc3OC2(C)C)N1C,0
CC(C)(C)OC(=O)C(Cc1ccccc1)N[C@H]1c2cc(C#N)ccc2OC(C)(C)[C@@H]1O,0
CC(C)(C)OC(=O)C(Cc1ccccc1)N[C@@H]1c2cc(C#N)ccc2OC(C)(C)[C@H]1O,0
CC1(C)Oc2ccc(C#N)cc2[C@@H]2NC(Cc3ccccc3)C(=O)O[C@H]21,0
CC1(C)Oc2ccc(C#N)cc2[C@H]2N[C@@H](Cc3ccccc3)C(=O)O[C@@H]21,0
CC(C)[C@@H](CO)N[C@H]1c2cc(C#N)ccc2OC(C)(C)[C@@H]1O,0
CC(C)[C@@H](CO)N[C@@H]1c2cc(C#N)ccc2OC(C)(C)[C@H]1O,0
CC(C)[C@@H](CO)N(C)[C@@H]1c2cc(C#N)ccc2OC(C)(C)[C@H]1O,0
CC(C)C(CO)N(C)[C@H]1c2cc(C#N)ccc2OC(C)(C)[C@@H]1O,0
CC(C)[C@@H](CCl)N(C)[C@@H]1c2cc(C#N)ccc2OC(C)(C)[C@H]1O,0
CC(C)[C@@H](CCl)N(C)[C@H]1c2cc(C#N)ccc2OC(C)(C)[C@@H]1O,0
CC(C)[C@H](N[C@H]1c2cc(C#N)ccc2OC(C)(C)[C@@H]1O)C(=O)O,0
CC(C)[C@H](N[C@@H]1c2cc(C#N)ccc2OC(C)(C)[C@H]1O)C(=O)O,0
C[C@H](N[C@@H]1c2cc(C#N)ccc2OC(C)(C)[C@H]1O)C(=O)OC(C)(C)C,0
CCN(CC)C[C@@H](O)COc1ccccc1C(=O)CCc1ccccc1,0
O=C(CCc1ccccc1)c1ccccc1OC[C@H](O)CN1CCCCC1,0
CC(C)N(C[C@@H](O)COc1ccccc1C(=O)CCc1ccccc1)C(C)C,0
CCC(=O)c1ccccc1OC[C@H](O)CN1CCCCC1,0
COc1cccc(-c2ccccc2CCN2CCc3cc(OC)c(OC)cc3C2)c1,0
COc1cc2c(cc1OC)CN(CCc1ccccc1-c1cccc(O)c1)CC2,0
COc1ccc(-c2ccc3c(c2)C=C(CC(=O)N2CCc4cc(OC)c(OC)cc4C2)CO3)cc1,0
COc1ccc(-c2ccc3c(c2)C=C(CCN2CCc4cc(OC)c(OC)cc4C2)CO3)cc1,0
COc1ccc(-c2ccc(OCCCCN3CCc4cc(OC)c(OC)cc4C3)cc2)cc1,1
COc1ccc(-c2ccc(NCCCN3CCc4cc(OC)c(OC)cc4C3)cc2)cc1,0
COc1ccc(-c2ccc(OCCN3CCc4cc(OC)c(OC)cc4C3)cc2)cc1,0
CC(=O)c1ccccc1OC[C@H](O)CN1CCCCC1,0
O=C(CCc1ccccc1)c1ccccc1OC[C@H](O)CN1CCN(c2ccccc2)CC1,0
COc1ccccc1N1CCN(C[C@@H](O)COc2ccccc2C(=O)CCc2ccccc2)CC1,0
COc1cccc(N2CCN(C[C@@H](O)COc3ccccc3C(=O)CCc3ccccc3)CC2)c1,0
COc1ccc(N2CCN(C[C@@H](O)COc3ccccc3C(=O)CCc3ccccc3)CC2)cc1,0
Cc1ccccc1N1CCN(C[C@@H](O)COc2ccccc2C(=O)CCc2ccccc2)CC1,0
O=C(CCc1ccccc1)c1ccccc1OC[C@H](O)CN1CCN(Cc2ccccc2)CC1,0
O=C(CCc1ccccc1)c1ccccc1OC[C@H](O)CN1CCN(c2ccc(F)cc2)CC1,0
CCC(=O)c1ccccc1OC[C@H](O)CN1CCOCC1,0
CN(C)C[C@@H](O)COc1ccccc1C(=O)CCc1ccccc1,0
CC(=O)c1ccccc1OC[C@H](O)CN1CCOCC1,0
CCCN(C)C[C@@H](O)COc1ccccc1C(=O)CCc1ccccc1,0
CCN(CC)C[C@@H](O)COc1ccccc1C(=O)c1ccccc1,0
O=C(/C=C/c1ccccc1)c1ccccc1OC[C@H](O)CN1CCCCC1,0
O=C(CCc1ccccc1)c1ccccc1OC[C@H](O)CN1CCOCC1,0
O=C(CCc1ccccc1)c1ccccc1OC[C@H](O)CN1CCC(O)(c2ccccc2)CC1,0
O=C(CCc1ccccc1)c1ccc(OC[C@H](O)CN2CCCCC2)cc1,0
CO[C@H](CCc1ccccc1)c1ccccc1OC[C@H](O)CN1CCCCC1,0
COc1ccc(-c2ccc(OCCCN3CCc4cc(OC)c(OC)cc4C3)cc2)cc1,0
COc1cc2c(cc1OC)CN(Cc1ccc(-c3ccc(F)cc3)cc1)CC2,0
COc1cc2c(cc1OC)CN(CCc1ccc(-c3ccc(F)cc3)cc1)CC2,0
COc1ccc(-c2ccc(CCN3CCc4cc(OC)c(OC)cc4C3)cc2)cc1,0
COc1ccc(-c2ccc(CC(=O)N3CCc4cc(OC)c(OC)cc4C3)cc2)cc1,0
COc1cc2c(cc1OC)CN(Cc1ccc(-c3ccc(O)cc3)o1)CC2,0
COc1ccc(-c2ccc(CN3CCc4cc(OC)c(OC)cc4C3)o2)cc1,0
COc1cc2c(cc1OC)CN(C(=O)c1ccc(-c3ccc(O)cc3)o1)CC2,0
COc1ccc(-c2ccc(C(=O)N3CCc4cc(OC)c(OC)cc4C3)o2)cc1,0
CCCNC[C@@H](O)c1oc2ccccc2c1CC,0
COc1ccccc1N1CCN(C[C@@H](O)c2oc3ccccc3c2CCc2ccccc2)CC1,0
O=C(CCc1ccccc1)c1ccccc1OC[C@H](O)CN1CCC(Cc2ccccc2)CC1,0
CCCNC[C@@H](O)COc1ccc(O)cc1C(=O)CCc1ccccc1,0
O=C(CCc1ccccc1)c1ccc(OC[C@H](O)CN2CCN(c3ccc(F)cc3)CC2)cc1,0
O=C(CCc1ccccc1)c1cccc(OC[C@H](O)CN2CCCCC2)c1,0
O=C(CCc1ccccc1)c1ccc(OC[C@H](O)CN2CCOCC2)cc1,0
O[C@@H](COc1ccccc1[C@H](O)CCc1ccccc1)CN1CCN(c2ccc(F)cc2)CC1,0
CO[C@H](CCc1ccccc1)c1ccccc1OC[C@H](O)CN1CCN(c2ccc(F)cc2)CC1,0
O=C(CCc1ccccc1)c1cccc(OC[C@H](O)CN2CCN(c3ccc(F)cc3)CC2)c1,0
CC(C)N(C[C@@H](O)COc1ccc(C(=O)CCc2ccccc2)cc1)C(C)C,0
CC(C)N(C[C@@H](O)COc1ccccc1[C@H](O)CCc1ccccc1)C(C)C,0
CO[C@H](CCc1ccccc1)c1ccccc1OC[C@H](O)CN(C(C)C)C(C)C,0
O=C(CCc1cccc2ccccc12)c1ccccc1OC[C@H](O)CN1CCCCC1,0
O=C(CCc1ccccc1)c1ccccc1OC[C@H](O)CNCC(c1ccccc1)c1ccccc1,0
O=C(CCc1ccccc1)c1ccccc1OC[C@H](O)CNC(c1ccccc1)c1ccccc1,0
O=C(CCc1cccc2ccccc12)c1ccccc1OC[C@H](O)CNCCC(c1ccccc1)c1ccccc1,0
CO[C@H](CCc1ccccc1)c1ccccc1OC[C@H](O)CNCCC(c1ccccc1)c1ccccc1,0
O[C@@H](COc1ccccc1[C@H](O)CCc1ccccc1)CN1CCOCC1,0
CO[C@H](CCc1ccccc1)c1ccccc1OC[C@H](O)CN1CCOCC1,0
CCCNC[C@@H](O)COc1ccc(OCc2ccccc2)cc1C(=O)CCc1ccccc1,0
O=C(CCc1ccccc1)c1cc(OCc2ccccc2)ccc1OC[C@H](O)CN1CCCCC1,0
O=C(CCc1ccccc1)c1cc(O)ccc1OC[C@H](O)CN1CCCCC1,0
O=C(CCc1ccccc1)c1ccccc1OC[C@H](O)CNCCC(c1ccccc1)c1ccccc1,0
O=C(CCc1ccccc1)c1ccccc1OC[C@H](O)CNc1ccccc1,0
O=C(CCc1ccccc1)c1ccccc1OC[C@H](O)CNC1CCCCC1,0
CC(C)N(C[C@@H](O)COc1ccc(O)cc1C(=O)CCc1ccccc1)C(C)C,0
CC(C)N(C[C@@H](O)COc1ccc(OCc2ccccc2)cc1C(=O)CCc1ccccc1)C(C)C,0
O=C(CCc1ccccc1)c1cc(OCc2ccccc2)ccc1OC[C@H](O)CN1CCN(Cc2ccccc2)CC1,0
O=C(CCc1ccccc1)c1cc(O)ccc1OC[C@H](O)CN1CCN(Cc2ccccc2)CC1,0
CC(C)O[C@H](CCc1ccccc1)c1ccccc1OC[C@H](O)CN1CCCCC1,0
CC(C)(C)O[C@H](CCc1ccccc1)c1ccccc1OC[C@H](O)CN1CCCCC1,0
O=C(c1ccccc1)c1ccccc1OC[C@H](O)CN1CCC(O)(c2ccccc2)CC1,0
O=C(c1ccccc1)c1ccccc1OC[C@H](O)CN1CCN(c2ccc(F)cc2)CC1,0
CC(=O)c1ccccc1OC[C@H](O)CN1CCC(Cc2ccccc2)CC1,0
CC(=O)c1ccccc1OC[C@H](O)CN1CCC(O)(c2ccccc2)CC1,0
Cc1ccccc1N1CCN(C[C@@H](O)COc2ccccc2C(=O)CCc2ccc(Cl)cc2)CC1,1
Cc1ccc(CCC(=O)c2ccccc2OC[C@H](O)CN2CCN(c3ccccc3C)CC2)cc1,1
COc1ccc(CCC(=O)c2ccccc2OC[C@H](O)CN2CCN(c3ccccc3C)CC2)cc1,1
Cc1ccccc1N1CCN(C[C@@H](O)COc2ccccc2C(=O)CCc2ccc(Cl)c(Cl)c2)CC1,0
CC(=O)O[C@@H](COc1ccccc1C(=O)CCc1ccccc1)CN1CCCCC1,0
COC(=O)c1ccc(NC[C@@H](O)COc2ccccc2C(=O)CCc2ccccc2)cc1,0
Cc1ccccc1N1CCN(C[C@@H](O)COc2ccc(Cl)cc2C(=O)CCc2ccccc2)CC1,0
COc1ccc(OC[C@H](O)CN2CCN(c3ccccc3C)CC2)c(C(=O)CCc2ccccc2)c1,0
Cc1ccc(OC[C@H](O)CN2CCN(c3ccccc3C)CC2)c(C(=O)CCc2ccccc2)c1,0
O=C(CCc1ccccc1)c1ccccc1OC[C@H](O)CNc1ccc(C(F)(F)F)cc1,0
O=C(CCc1ccccc1)c1ccccc1OC[C@H](O)CNc1ccc([N+](=O)[O-])cc1,0
CCC(=O)N(Cc1ccccc1)C[C@@H](O)COc1ccccc1C(=O)CCc1ccccc1,0
CCCN(C[C@@H](O)COc1ccccc1C(=O)CCc1ccccc1)C(=O)c1ccccc1,0
O=C(CCc1cccc2ccccc12)c1ccccc1OC[C@H](O)CN1CCOCC1,0
CC(C)N(C[C@@H](O)COc1ccccc1C(=O)CCc1cccc2ccccc12)C(C)C,0
CCC(=O)c1ccccc1OC[C@H](O)CN1CCC(O)(c2ccccc2)CC1,0
O=C(CCc1cccc2ccccc12)c1ccccc1OC[C@H](O)CN1CCC(O)(c2ccccc2)CC1,0
CC(=O)c1cccc(OC[C@H](O)CN2CCOCC2)c1,0
CC(=O)c1cccc(OC[C@H](O)CN2CCCCC2)c1,0
CC(=O)c1cccc(OC[C@H](O)CN2CCN(c3ccc(F)cc3)CC2)c1,0
O=C(CCc1ccccc1)c1ccccc1OC[C@H](O)CN1CCN(C(=O)c2ccccc2)CC1,0
CC(=O)c1ccc(OC[C@H](O)CN2CCCCC2)cc1,0
CC(=O)c1ccc(OC[C@H](O)CN2CCN(c3ccc(F)cc3)CC2)cc1,0
CC(=O)c1ccc(OC[C@H](O)CN2CCOCC2)cc1,0
CN(CCN(C)S(=O)(=O)c1cccc2c(N(C)C)cccc12)C[C@@H](O)COc1ccccc1C(=O)c1ccccc1,0
CCCNC[C@@H](O)COc1ccc(C)cc1C(=O)c1ccccc1,0
CC(C)[C@H](NC[C@@H](O)COc1ccccc1C(=O)CCc1ccccc1)c1ccccc1,0
O=C(CCc1ccccc1)c1ccccc1OC[C@H](O)CN[C@@H](c1ccccc1)C1CCCCC1,0
Cc1ccccc1N1CCN(C[C@@H](O)COc2cc(Cl)c(Cl)cc2C(=O)CCc2ccccc2)CC1,1
O=C1CCc2cccc(OC[C@H](O)CN3CCCCC3)c21,0
CC(C)(C)[C@@H](NC[C@@H](O)COc1ccccc1C(=O)CCc1ccccc1)c1ccccc1,0
O=C1CCc2c(OC[C@H](O)CN3CCCCC3)cccc21,0
O=C1c2c(cccc2OC[C@H](O)CN2CCCCC2)C[C@@H]1Cc1ccccc1,0
O=C1c2cccc(OC[C@H](O)CN3CCCCC3)c2C[C@H]1Cc1ccccc1,0
Cc1cccc(N2CCN(C[C@@H](O)COc3cccc4c3C(=O)[C@@H](Cc3ccccc3)C4)CC2)c1C,0
COc1ccc(N2CCN(C[C@@H](O)COc3cccc4c3C(=O)[C@@H](Cc3ccccc3)C4)CC2)cc1,0
O=C1c2c(cccc2OC[C@H](O)CN2CCOCC2)C[C@@H]1Cc1ccccc1,0
O=C1C[C@H](CN2CCCCC2)Oc2ccccc21,0
O=C1C[C@H](CN2CCN(c3ccc(F)cc3)CC2)Oc2ccccc21,0
Cc1cccc(N2CCN(C[C@H]3CC(=O)c4ccccc4O3)CC2)c1C,0
O=C1C[C@H](CN2CCN(Cc3ccccc3)CC2)Oc2ccccc21,0
O=C1C[C@H](CN2CCOCC2)Oc2ccccc21,0
CC(=O)c1ccc(OC[C@H](O)CN2CCN(c3cccc(C)c3C)CC2)cc1,0
Cc1cccc(N2CCN(C[C@@H](O)COc3ccccc3C(=O)CCc3ccccc3)CC2)c1C,1
CC(=O)c1ccc(OC[C@H](O)CN2CCN(c3ccccc3C)CC2)cc1,0
CC(=O)c1cccc(OC[C@H](O)CN2CCN(c3cccc(C)c3C)CC2)c1,0
O=C([C@@H]1Oc2ccccc2[C@@H]1CCc1ccccc1)N1CCCCC1,0
C[C@H]1c2ccccc2O[C@H]1C(=O)N1CCCCC1,0
c1ccc(CC[C@H]2c3ccccc3O[C@H]2CN2CCCCC2)cc1,0
C[C@H]1c2ccccc2O[C@H]1CN1CCCCC1,0
CC(=O)c1cccc(OC[C@H](O)CN2CCN(c3ccccc3C)CC2)c1,0
CC(=O)c1ccccc1OC[C@H](O)CN1CCN(c2cccc(C)c2C)CC1,0
Cc1cccc(N2CCN(C[C@@H](O)COc3ccc(C(=O)CCc4ccccc4)cc3)CC2)c1C,0
COc1ccc(C(=O)CCc2ccccc2)c(OC[C@H](O)CN2CCN(c3ccccc3C)CC2)c1,0
COc1ccc(C(=O)CCc2ccccc2)c(OC[C@H](O)CN2CCCCC2)c1,0
Cc1ccccc1N1CCN(C[C@@H](O)COc2ccccc2C(=O)CCc2ccc(N(C)C)cc2)CC1,1
COc1ccc(OC[C@H](O)CN2CCN(c3ccccc3C)CC2)c(C(C)=O)c1,0
CC(=O)c1cc(C)ccc1OC[C@H](O)CN1CCN(c2ccccc2C)CC1,0
CC(=O)c1cc(C(C)=O)c(OC[C@H](O)CN2CCN(c3ccccc3C)CC2)cc1C,0
CC(=O)c1ccccc1OC[C@H](O)CN1CCN(c2ccccc2C)CC1,0
CC(=O)c1ccc(C)cc1OC[C@H](O)CN1CCN(c2ccccc2C)CC1,0
CC(=O)c1cc(Cl)c(Cl)cc1OC[C@H](O)CN1CCN(c2ccccc2C)CC1,0
COc1ccc(C(=O)CCc2ccc(N(C)C)cc2)c(OC[C@H](O)CN2CCN(c3ccccc3C)CC2)c1,0
CC(=O)c1ccc(OC[C@H](O)CNCCC(c2ccccc2)c2ccccc2)cc1,0
Cc1ccccc1N1CCN(C[C@@H](O)COc2cccc(C(=O)CCc3ccccc3)c2)CC1,0
O=C(CCc1ccccc1)c1cccc(OC[C@H](O)CNCCC(c2ccccc2)c2ccccc2)c1,0
Cc1cccc(N2CCN(C[C@@H](O)COc3cccc(C(=O)CCc4ccccc4)c3)CC2)c1C,0
O=C(CCc1ccccc1)c1cccc(OC[C@H](O)CN2CCOCC2)c1,0
O=C(CCc1ccccc1)c1ccc(OC[C@H](O)CNCCC(c2ccccc2)c2ccccc2)cc1,0
O=C(CCc1ccccc1)c1cc(OCc2ccccc2)ccc1OC[C@H](O)CN1CCC(O)(c2ccccc2)CC1,0
CC(C)(C)OC(=O)N1CCN(C[C@@H](O)COc2ccccc2C(=O)c2ccccc2)CC1,0
CC(=O)c1ccccc1OC[C@H](O)CN(C(C)C)C(C)C,0
O[C@@H](CCc1ccccc1)c1ccccc1OC[C@H](O)CN1CCN(Cc2ccccc2)CC1,0
CO[C@@H](CCc1ccccc1)c1ccccc1OC[C@H](O)CN1CCN(Cc2ccccc2)CC1,0
Cc1ccccc1N1CCN(C[C@@H](O)COc2ccccc2[C@@H](O)CCc2ccccc2)CC1,0
CO[C@@H](CCc1ccccc1)c1ccccc1OC[C@H](O)CN1CCN(c2ccccc2C)CC1,0
Cc1cccc(N2CCN(C[C@@H](O)COc3ccccc3[C@@H](O)CCc3ccccc3)CC2)c1C,0
CCC(=O)c1ccccc1OC[C@H](O)CN1CCN(c2ccc(F)cc2)CC1,0
CCC(=O)c1ccccc1OC[C@H](O)CN(C(C)C)C(C)C,0
CCC(=O)c1ccccc1OC[C@H](O)CN1CCN(Cc2ccccc2)CC1,0
CCC(=O)c1ccccc1OC[C@H](O)CN1CCN(c2ccccc2C)CC1,0
CCC(=O)c1ccccc1OC[C@H](O)CNCCC(c1ccccc1)c1ccccc1,0
CC(=O)c1cc(C)ccc1OC[C@H](O)CN1CCOCC1,0
CC(=O)c1cc(C)ccc1OC[C@H](O)CN(C(C)C)C(C)C,0
CC(=O)c1cc(C)ccc1OC[C@H](O)CN1CCN(c2ccc(F)cc2)CC1,0
CC(=O)c1cc(C)ccc1OC[C@H](O)CN1CCN(c2cccc(C)c2C)CC1,0
Cc1ccc(OC[C@H](O)CN2CCCCC2)c(C(=O)CCc2ccccc2)c1,0
Cc1ccc(OC[C@H](O)CN2CCOCC2)c(C(=O)CCc2ccccc2)c1,0
Cc1ccc(OC[C@H](O)CN2CCN(c3ccc(F)cc3)CC2)c(C(=O)CCc2ccccc2)c1,0
Cc1ccc(OC[C@H](O)CN2CCN(c3cccc(C)c3C)CC2)c(C(=O)CCc2ccccc2)c1,0
Cc1ccc(NC(=S)N2CCN(C[C@@H](O)COc3ccccc3C(=O)c3ccccc3)CC2)cc1,0
Cc1ccc(NC(=O)N2CCN(C[C@@H](O)COc3ccccc3C(=O)c3ccccc3)CC2)cc1,0
O=C(c1ccccc1)c1ccccc1OC[C@@H](O)CN1CCN(C[C@@H](O)COc2ccccc2C(=O)c2ccccc2)CC1,0
CC(=O)c1cc(C)ccc1OC[C@H](O)CN1CCN(C[C@H](O)COc2ccccc2C(=O)c2ccccc2)CC1,0
COc1ccc(N2CCN(C[C@@H](O)COc3ccc(C)cc3C(C)=O)CC2)cc1,0
CC(=O)c1cc(C)ccc1OC[C@H](O)CN1CCN(C(=O)Nc2ccc(C)cc2)CC1,0
CC(=O)c1cc(C)ccc1OC[C@H](O)CN1CCN(c2ccc(C)cc2)CC1,0
O=C(c1ccccc1)c1ccc(OC[C@H](O)CN2CCN(c3ccc(F)cc3)CC2)cc1,0
Cc1ccccc1N1CCN(C[C@@H](O)COc2ccc(C(=O)c3ccccc3)cc2)CC1,0
Cc1cccc(N2CCN(C[C@@H](O)COc3ccc(C(=O)c4ccccc4)cc3)CC2)c1C,0
CCC(=O)c1ccc(OC[C@H](O)CN2CCN(c3cccc(C)c3C)CC2)cc1,0
CCC(=O)c1ccc(OC[C@H](O)CN2CCN(c3ccc(F)cc3)CC2)cc1,0
CCC(=O)c1ccc(OC[C@H](O)CN2CCN(c3ccccc3C)CC2)cc1,0
CCC(=O)c1ccc(OC[C@H](O)CN2CCCCC2)cc1,0
O=C(CCc1cccc2ccccc12)c1ccc(OC[C@H](O)CN2CCOCC2)cc1,0
Cc1cccc(N2CCN(C[C@@H](O)COc3ccccc3C(=O)c3ccccc3)CC2)c1C,0
O=C(c1ccccc1)c1ccccc1OC[C@H](O)CN1CCOCC1,0
O=C(CCc1cccc2ccccc12)c1ccccc1OC[C@H](O)CN1CCN(c2ccc(F)cc2)CC1,1
O=C(c1ccccc1)c1ccc(OC[C@H](O)CN2CCOCC2)cc1,0
O=C(c1ccccc1)c1ccc(OC[C@H](O)CN2CCCCC2)cc1,0
CCC(=O)c1ccc(OC[C@H](O)CN(C(C)C)C(C)C)cc1,0
O=C(c1ccccc1)c1cccc(OC[C@H](O)CN2CCN(c3ccc(F)cc3)CC2)c1,0
Cc1cccc(N2CCN(C[C@@H](O)COc3cccc(C(=O)c4ccccc4)c3)CC2)c1C,0
O=C(c1ccccc1)c1cccc(OC[C@H](O)CN2CCCCC2)c1,0
Cc1ccccc1N1CCN(C[C@@H](O)COc2cccc(C(=O)c3ccccc3)c2)CC1,0
Cc1cccc(N2CCN(C[C@@H](O)COc3ccc(C(=O)CCc4cccc5ccccc45)cc3)CC2)c1C,0
O=C(CCc1cccc2ccccc12)c1ccc(OC[C@H](O)CN2CCN(c3ccc(F)cc3)CC2)cc1,0
Cc1ccccc1N1CCN(C[C@@H](O)COc2ccc(C(=O)CCc3cccc4ccccc34)cc2)CC1,0
Cc1cccc(N2CCN(C[C@@H](O)COc3cccc(C(=O)CCc4cccc5ccccc45)c3)CC2)c1C,0
CC(C)N(C[C@@H](O)COc1ccc(C(=O)c2ccccc2)cc1)C(C)C,0
O=C(c1ccccc1)c1cccc(OC[C@H](O)CN2CCOCC2)c1,0
CCN(CCCCc1cn(-c2ccc(F)cc2)c2ccccc12)[C@@H]1CCc2c1ccc(OC)c2OC,0
CCN(CCCCc1cn(-c2ccc(F)cc2)c2ccccc12)C1CCc2c1ccc(OC)c2OC,0
COc1ccc2c(c1OC)CC[C@@H]2NCCCCc1cn(-c2ccc(F)cc2)c2ccccc12,0
COc1ccc2c(c1OC)CC[C@H]2NCCCCc1cn(-c2ccc(F)cc2)c2ccccc12,0
COc1ccc2c(c1OC)CCC2NCCCCc1cn(-c2ccc(F)cc2)c2ccccc12,0
CCN(CCCCc1cn(-c2ccc(F)cc2)c2ccccc12)Cc1ccc(OC)c(OC)c1,0
CCN(CCCCc1cn(-c2ccc(F)cc2)c2ccccc12)Cc1ccc(OC)cc1,0
CCN(CCCCc1cn(-c2ccc(F)cc2)c2ccccc12)Cc1cccc(OC)c1,0
COc1ccc(CNCCCCc2cn(-c3ccc(F)cc3)c3ccccc23)cc1OC,0
O=C(CCc1cccc2ccccc12)c1ccc(OC[C@H](O)CN2CCCCC2)cc1,0
CC(C)N(C[C@@H](O)COc1ccc(C(=O)CCc2cccc3ccccc23)cc1)C(C)C,0
O=C(CCc1cccc2ccccc12)c1cccc(OC[C@H](O)CN2CCOCC2)c1,0
O=C(CCc1cccc2ccccc12)c1cccc(OC[C@H](O)CN2CCCCC2)c1,0
CC(C)N(C[C@@H](O)COc1cccc(C(=O)CCc2cccc3ccccc23)c1)C(C)C,0
COc1ccc(CNCCCCc2cn(-c3ccc(F)cc3)c3ccccc23)cc1,0
COc1cccc(CNCCCCc2cn(-c3ccc(F)cc3)c3ccccc23)c1,0
COc1ccc(CCN(C)CCCCc2cn(-c3ccc(F)cc3)c3ccccc23)cc1OC,0
COc1ccc(CCN(C)CCCCc2cn(-c3ccc(F)cc3)c3ccccc23)cc1,0
Cc1c(C(=O)c2ccccc2)c(=O)n(-c2ccccc2)n1C[C@H](O)CN(C(C)C)C(C)C,0
Cc1ccccc1N1CCN(C[C@@H](O)Cn2c(C)c(C(=O)c3ccccc3)c(=O)n2-c2ccccc2)CC1,0
Cc1c(C(=O)c2ccccc2)c(=O)n(C)n1C[C@H](O)CN(C(C)C)C(C)C,0
Cc1nn(C)c(OC[C@H](O)CN(C(C)C)C(C)C)c1C(=O)c1ccccc1,0
Cc1c([C@H](O)c2ccccc2)c(=O)n(-c2ccccc2)n1C[C@H](O)CN(C(C)C)C(C)C,0
CCC/N=C(/CCc1ccccc1)[C@H]1C(=O)N(c2ccccc2)N=C1C,0
CCCNC[C@@H](O)Cn1c(C)c(C(=O)CCc2ccccc2)c(=O)n1-c1ccccc1,0
CCCNC[C@@H](O)Cn1c(C)c(C(=O)c2ccccc2)c(=O)n1-c1ccccc1,0
Cc1c(C(=O)CCc2ccccc2)c(=O)n(-c2ccccc2)n1C[C@H](O)CNC(C)C,0
Cc1c(C(=O)CCc2ccccc2)c(=O)n(-c2ccccc2)n1C[C@H](O)CNC(C)(C)C,0
CCCCNC[C@@H](O)Cn1c(C)c(C(=O)CCc2ccccc2)c(=O)n1-c1ccccc1,0
Cc1c(C(=O)c2cccs2)c(=O)n(-c2ccccc2)n1C[C@H](O)CNC(C)(C)C,0
Cc1c(C(=O)c2cccs2)c(=O)n(-c2ccccc2)n1C[C@H](O)CNC(C)C,0
Cc1c(C(=O)c2ccccc2)c(=O)n(-c2ccccc2)n1C[C@H](O)CNC(C)C,0
Cc1c(C(=O)c2ccccc2)c(=O)n(-c2ccccc2)n1C[C@H](O)CNC(C)(C)C,0
CCCNC[C@@H](O)Cn1c(C)c(C(=O)c2cccs2)c(=O)n1-c1ccccc1,0
CCCNC[C@@H](O)COc1ccsc1C(=O)CCc1ccccc1,0
CC1(C)Oc2ccc(C#N)cc2[C@H](N2CCN(Cc3ccccc3)CC2)[C@H]1O,0
COc1cccc(CCN(C)CCCCc2cn(-c3ccc(F)cc3)c3ccccc23)c1,0
COc1ccc(CCNCCCCc2cn(-c3ccc(F)cc3)c3ccccc23)cc1OC,0
COc1ccc(CCNCCCCc2cn(-c3ccc(F)cc3)c3ccccc23)cc1,0
COc1cccc(CCNCCCCc2cn(-c3ccc(F)cc3)c3ccccc23)c1,0
CN1CCO[C@@H]2[C@@H]1c1cc(C#N)ccc1OC2(C)C,0
CC1(C)Oc2ccc(C#N)cc2[C@H]2[C@H]1OCCN2Cc1ccccc1,0
CC(C)(C)OC(=O)CN[C@H]1c2cc(C#N)ccc2OC(C)(C)[C@@H]1O,0
CC(C)(C)OC(=O)CN(Cc1ccccc1)[C@H]1c2cc(C#N)ccc2OC(C)(C)[C@@H]1O,0
CN(CCO)[C@H]1c2cc(C#N)ccc2OC(C)(C)[C@@H]1O,0
CC1(C)Oc2ccc(C#N)cc2[C@H](N(CCO)Cc2ccccc2)[C@H]1O,0
CC(C)[C@H](C(=O)OC(C)(C)C)N(C)[C@H]1c2cc(C#N)ccc2OC(C)(C)[C@@H]1O,0
CC(C)[C@@H]1CO[C@@H]2[C@@H](N1)c1cc(C#N)ccc1OC2(C)C,0
COc1ccccc1N1CCN([C@H]2c3ccccc3N(C(=O)c3ccc(C)cc3)[C@H](C)[C@@H]2O)CC1,0
CCN(CCO)[C@@H]1c2ccccc2N(C(=O)c2ccc(C)cc2)[C@H](C)[C@@H]1O,0
Cc1ccc(C(=O)N2c3ccccc3[C@@H](N(CCO)Cc3ccccc3)[C@@H](O)[C@H]2C)cc1,0
Cc1ccc(C(=O)N2c3ccccc3[C@H](NCc3ccccc3)[C@@H](O)[C@H]2C)cc1,0
Cc1ccc(C(=O)N2c3ccccc3[C@H](N3CCN(Cc4ccccc4)CC3)[C@@H](O)[C@H]2C)cc1,0
Cc1ccc(C(=O)N2c3ccccc3[C@@H](N3CCCC3)[C@@H](O)[C@H]2C)cc1,0
Cc1ccc(C(=O)O[C@H]2[C@@H](C)Nc3ccccc3[C@H]2N2CCCC2)cc1,0
CCN(CC)CCC[C@H](C)N[C@@H]1c2ccccc2N(C(=O)c2ccc(C)cc2)[C@H](C)[C@@H]1O,0
CCN(CC)CCC[C@H](C)N[C@@H]1c2ccccc2N[C@H](C)[C@@H]1OC(=O)c1ccc(C)cc1,0
CC(C)[C@H](N[C@H]1c2cc(C#N)ccc2OC(C)(C)[C@@H]1O)C(=O)OC(C)(C)C,0
CCc1ccc(N2C(=O)c3ccccc3N[C@H]2c2ccc(OCC(C)C)cc2)cc1,0
CCOc1ccc(N2C(=O)c3ccccc3N[C@H]2c2ccc(N(C)C)cc2)cc1,0
COc1ccc([C@@H]2Nc3ccccc3C(=O)N2c2ccc(NC(C)=O)cc2)cc1,0
COc1ccc([C@@H]2Nc3ccccc3C(=O)N2c2ccc(Oc3ccccc3)cc2)cc1,0
CC[C@H](C)c1ccc(N2C(=O)c3ccccc3N[C@H]2c2ccc(OC)cc2)cc1,0
CC[C@H](C)c1ccc(N2C(=O)c3ccccc3N[C@H]2c2ccc(C(C)C)cc2)cc1,0
Cc1ccc(-c2n[nH]c3c2[C@@H](c2ccc(N(C)C)cc2)C(C#N)=C(N)O3)cc1,0
CC(C)(C)c1ccc(N2C(=O)c3ccccc3N[C@H]2c2ccc3c(c2)OCO3)cc1,0
CCOc1ccccc1NC(=O)C1=C(C)NC(=S)N[C@@H]1c1cccs1,0
COc1cc2c(cc1OC)CN(CCCCc1cn(-c3ccc(F)cc3)c3ccccc13)CC2,0
CCN(CCCCc1cn(-c2ccc(F)cc2)c2ccccc12)[C@H]1CCc2c1ccc(OC)c2OC,0
O=C(Nc1ccc(N2CCOCC2)cc1)c1cccnc1NCc1ccncc1,0
COc1cc2c(cc1OC)CN(CCc1ccc(NC(=O)c3cccnc3NCc3ccncc3)cc1)CC2,0
COc1cc2c(cc1OC)CN(CCCCN1C/C(=N\NC(=S)N(C)C)c3ccccc31)CC2,0
COc1cc2c(cc1OC)CN(Cc1ccc(-c3ccc(O)cc3N)cc1)CC2,0
COc1cc2c(cc1OC)CN(Cc1ccc(-c3ccc(O)cc3[N+](=O)[O-])cc1)CC2,0
COc1cc2c(cc1OC)CN(Cc1ccc(-c3ccc(O)cc3F)cc1)CC2,0
COc1cc2c(cc1OC)CN(Cc1ccc(-c3ccc(O)cc3OC)cc1)CC2,0
COc1cc2c(cc1OC)CN(Cc1ccc(-c3ccc(O)c(N)c3)cc1)CC2,0
CN(C)C(=S)N/N=C1\CN(CCCCN2CCN(C3CCCCC3)CC2)c2ccccc21,0
COc1cc2c(cc1OC)CN(Cc1ccc(-c3ccc(O)c([N+](=O)[O-])c3)cc1)CC2,0
COc1cc2c(cc1OC)C(=O)N(CCCCN1C/C(=N\NC(=S)N(C)C)c3ccccc31)CC2,0
CCCCCN1CCc2cc(OC)c(OC)cc2C1,0
COc1cc2c(cc1OC)CN(Cc1ccc(-c3ccc(O)c(F)c3)cc1)CC2,0
COc1cc(-c2ccc(CN3CCc4cc(OC)c(OC)cc4C3)cc2)ccc1O,0
COc1cc2c(cc1OC)CN(Cc1ccc(-c3ccc(O)cc3)c([N+](=O)[O-])c1)CC2,0
COc1cc2c(cc1OC)CN(Cc1ccc(-c3ccc(O)cc3)c(F)c1)CC2,0
COc1cc2c(cc1OC)CN(CCCCn1ccc3ccccc31)CC2,0
COc1cc2c(cc1OC)CN(Cc1ccc(-c3ccc(O)cc3)c(OC)c1)CC2,0
COc1cc2c(cc1OC)CN(Cc1ccc(-c3ccc(O)cc3)cc1[N+](=O)[O-])CC2,0
COc1cc2c(cc1OC)CN(Cc1ccc(-c3ccc(O)cc3)cc1F)CC2,0
c1ccc2c(c1)ccn2CCCCN1CCN(C2CCCCC2)CC1,0
COc1cc(-c2ccc(O)cc2)ccc1CN1CCc2cc(OC)c(OC)cc2C1,0
CC(C)NCC(O)COc1ccc(CCNC(=O)NC(C)C)cc1,0
CN(C)CCCN1c2ccccc2Sc2ccc(C(F)(F)F)cc21,0
C[C@@H]1CC[C@@H]2[C@@H](C1)C1=C(OC2(C)C)C(=O)C2=C(OC(C)(C)[C@@H]3CC[C@@H](C)C[C@@H]23)C1=O,0
COc1ccc2c(c1)OC[C@H]1[C@@H]2C2=C(OC1(C)C)C1=C(C(=O)C2=O)[C@@H]2c3ccc(OC)cc3OC[C@@H]2C(C)(C)O1,0
COc1ccc2c(c1)OC[C@H]1[C@@H]2C2=C(OC1(C)C)C1=C(C(=O)C2=O)[C@H]2c3ccc(OC)cc3OC[C@H]2C(C)(C)O1,0
COc1ccc2c(c1)CO[C@@H]1[C@H]2C2=C(OC1(C)C)C(=O)C1=C(OC(C)(C)[C@@H]3COc4cc(OC)ccc4[C@H]13)C2=O,0
CC1(C)OC2=C(C(=O)C3=C(C2=O)[C@H]2c4cc(Br)cc(Br)c4CO[C@H]2C(C)(C)O3)[C@H]2c3cc(Br)cc(Br)c3OC[C@H]21,0
CC(=O)OC[C@]12[C@@H](OC(=O)c3ccoc3)C[C@@H]3[C@@H](OC(=O)c4ccccc4)[C@]1(OC3(C)C)[C@@](C)(O)C[C@H](OC(=O)c1ccccc1)[C@@H]2OC(C)=O,0
CC(=O)O[C@H]1[C@@H](O)[C@H](OC(=O)c2ccccc2)[C@@]2(C)[C@@H](OC(=O)/C=C/c3ccccc3)C[C@@H]3C[C@]2(OC3(C)C)[C@@H]1C,0
CCCCCO[C@@H]1[C@H]2C[C@H](OC(=O)c3ccco3)[C@]3(C)[C@@H](OC(C)=O)[C@@H](OC(=O)c4ccccc4)C[C@@](C)(O)[C@@]13OC2(C)C,0
O=C(C(c1ccccc1)c1ccccc1)N1CCN(C[C@@H](O)COc2cccc3ncccc23)CC1,0
CC(=O)OC[C@]12[C@@H](OC(=O)c3ccoc3)C[C@@H]3[C@@H](OC(=O)c4ccccc4)[C@]1(OC3(C)C)[C@@](C)(O)C[C@H](OC(C)=O)[C@@H]2OC(C)=O,0
CC(=O)OC[C@]12[C@@H](OC(=O)c3ccccc3)C[C@@H]3[C@@H](OC(=O)c4ccccc4)[C@]1(OC3(C)C)[C@@](C)(O)C[C@H](O)[C@@H]2OC(C)=O,0
CC(=O)OC[C@]12[C@@H](OC(=O)c3ccccc3)C[C@@H]3[C@@H](OC(=O)c4ccccc4)[C@]1(OC3(C)C)[C@@](C)(O)C[C@H](OC(C)=O)[C@@H]2OC(C)=O,0
CC(=O)OC[C@]12[C@@H](OC(=O)c3ccoc3)C[C@@H]3[C@@H](OC(=O)c4ccoc4)[C@]1(OC3(C)C)[C@@](C)(O)C[C@H](OC(C)=O)[C@@H]2OC(C)=O,0
CC(=O)O[C@H]1[C@@H](OC(=O)c2ccccc2)C[C@](C)(O)[C@]23OC(C)(C)[C@H](C[C@H](OC(=O)c4ccoc4)[C@]12C)[C@H]3OC(=O)c1ccccc1,0
CC(=O)O[C@H]1[C@@H](OC(C)=O)[C@H](OC(=O)c2ccoc2)[C@@]2(C)[C@@H](OC(=O)c3ccccc3)C[C@@H]3C[C@]2(OC3(C)C)[C@@H]1C,0
CC(=O)O[C@@H]1C[C@](C)(O)[C@@]23C[C@@H](C[C@H](OC(=O)/C=C/c4ccccc4)[C@]2(C)[C@H]1OC(=O)c1ccoc1)C(C)(C)O3,0
Cc1nc(C)c(P2(=O)O[C@H](C)C[C@@H](C)O2)c(-c2cccc([N+](=O)[O-])c2)c1C(=O)OCCN1CCN(C(c2ccccc2)c2ccccc2)CC1,0
CN1C[C@H](C(=O)N[C@]2(C)O[C@@]3(O)[C@@H]4CCCN4C(=O)[C@H](Cc4ccccc4)N3C2=O)C[C@@H]2c3cccc4[nH]cc(c34)C[C@H]21,0
CC(=O)O[C@H]1C[C@@](C)(O)[C@]23OC(C)(C)[C@H](C[C@H](OC(=O)c4ccco4)[C@]2(C)[C@H]1OC(C)=O)[C@H]3OC(C)=O,0
CC(=O)O[C@H]1C[C@@](C)(O)[C@]23OC(C)(C)[C@H](C[C@H](OC(=O)c4ccco4)[C@]2(C)[C@H]1O)[C@H]3OC(=O)c1ccco1,0
CC[C@]1(O)C[C@H]2CN(CCc3c([nH]c4ccccc34)[C@@](C(=O)OC)(c3cc4c(cc3OC)N(C=O)[C@H]3[C@@](O)(C(=O)OC)[C@H](OC(C)=O)[C@]5(CC)C=CCN6CC[C@]43[C@@H]65)C2)C1,0
COC(=O)[C@@H]1C2CC3c4[nH]c5ccccc5c4CCN3CC2CC[C@@H]1OC(=O)c1cc(OC)c(OC)c(OC)c1,0
CCN(CC)C(=O)Nc1ccc(OCC(O)CNC(C)(C)C)c(C(C)=O)c1,0
C[C@@H](CO)NC(=O)[C@@H]1C=C2c3cccc4[nH]cc(c34)C[C@H]2N(C)C1,0
CCN(CC)CCCn1c(=O)/c(=C/c2ccccc2O)s/c1=C1/C(=O)Nc2ccc(C)cc21,0
COc1cccc2c1C(=O)c1c(O)c3c(c(O)c1C2=O)C[C@@](O)(C(=O)CO)C[C@@H]3O[C@H]1C[C@H](N)[C@H](O)[C@H](C)O1,0
CCN(CC)CCCn1c(=O)/c(=C/c2ccccc2O)s/c1=C1\C(=O)Nc2ccc(C)cc21,0
CCN(CC)CCCn1c(=O)/c(=C/c2ccc(F)cc2F)s/c1=C1/C(=O)Nc2cc(F)ccc21,0
CC(=O)O[C@H]1[C@@H](OC(=O)c2ccccc2)C[C@@H](C)[C@]23OC(C)(C)[C@H](C[C@H](OC(=O)c4ccccc4)[C@]12C)[C@H]3ON1C(=O)CCC1=O,0
CC(=O)O[C@H]1CC[C@](C)(O)[C@]23OC(C)(C)[C@H]([C@H](OC(=O)/C=C\c4ccccc4)[C@H](OC(=O)c4ccccc4)[C@]12C)[C@H]3OC(C)=O,0
CC(=O)O[C@H]1C[C@](C)(O)[C@]23OC(C)(C)[C@H]([C@H](OC(=O)/C=C/c4ccccc4)[C@H](OC(=O)c4ccccc4)[C@]2(C)[C@H]1OC(C)=O)[C@H]3O,0
CCN(CC)CCCn1c(=O)/c(=C/c2ccc(F)cc2F)s/c1=C1\C(=O)Nc2cc(F)ccc21,0
CC(=O)OC[C@@]12[C@@H](OC(C)=O)[C@@H](OC(C)=O)C[C@](C)(O)[C@]13OC(C)(C)[C@H]([C@H](OC(C)=O)[C@@H]2OC(=O)c1ccccc1)[C@H]3OC(=O)c1ccccc1,0
CCN(CC)CCCn1c(=O)/c(=C/c2cc(OC)c(OC)c(OC)c2)s/c1=C1/C(=O)Nc2ccccc21,0
CCN(CC)CCCn1c(=O)/c(=C/c2cc(OC)c(OC)c(OC)c2)s/c1=C1\C(=O)Nc2ccccc21,0
CCN(CC)CCCn1c(=O)/c(=C/c2cc(OC)c(OC)c(OC)c2)s/c1=C1/C(=O)Nc2ccc(C)cc21,0
CCN(CC)CCCn1c(=O)/c(=C/c2cc(OC)c(OC)c(OC)c2)s/c1=C1\C(=O)Nc2ccc(C)cc21,0
CCN(CC)CCCn1c(=O)/c(=C/c2cc(OC)c(OC)c(OC)c2)s/c1=C1/C(=O)Nc2ccc(F)cc21,0
CCN(CC)CCCn1c(=O)/c(=C/c2cc(OC)c(OC)c(OC)c2)s/c1=C1\C(=O)Nc2ccc(F)cc21,0
CCN(CC)CCCn1c(=O)/c(=C/c2cc(OC)c(OC)c(OC)c2)s/c1=C1/C(=O)Nc2cc(F)ccc21,0
CCN(CC)CCCn1c(=O)/c(=C/c2cc(OC)c(OC)c(OC)c2)s/c1=C1\C(=O)Nc2cc(F)ccc21,0
CCN(CC)CCCn1c(=O)/c(=C/c2cc(OC)c(OC)c(OC)c2)s/c1=C1/C(=O)Nc2ccc(Cl)cc21,0
CCN(CC)CCCn1c(=O)/c(=C/c2cc(OC)c(OC)c(OC)c2)s/c1=C1\C(=O)Nc2ccc(Cl)cc21,0
CN(C)CCn1c(=O)/c(=C/c2ccc(O)cc2)s/c1=C1/C(=O)Nc2ccc(F)cc21,0
CN(C)CCn1c(=O)/c(=C/c2ccc(O)cc2)s/c1=C1\C(=O)Nc2ccc(F)cc21,0
CCN(CC)CCCn1c(=O)/c(=C/c2ccc3c(c2)OCO3)s/c1=C1/C(=O)Nc2ccccc21,0
CCN(CC)CCCn1c(=O)/c(=C/c2ccc3c(c2)OCO3)s/c1=C1\C(=O)Nc2ccccc21,0
CCN(CC)CCCn1c(=O)/c(=C/c2ccc3c(c2)OCO3)s/c1=C1/C(=O)Nc2ccc(C)cc21,0
CCN(CC)CCCn1c(=O)/c(=C/c2ccc3c(c2)OCO3)s/c1=C1\C(=O)Nc2ccc(C)cc21,0
CCN(CC)CCCn1c(=O)/c(=C/c2ccc3c(c2)OCO3)s/c1=C1/C(=O)Nc2ccc(Cl)cc21,0
CCN(CC)CCCn1c(=O)/c(=C/c2ccc3c(c2)OCO3)s/c1=C1\C(=O)Nc2ccc(Cl)cc21,0
CC(=O)O[C@H]1CC[C@](C)(O)[C@]23OC(C)(C)[C@H]([C@H](OC(=O)/C=C/c4ccccc4)[C@H](OC(=O)c4ccccc4)[C@]12C)[C@H]3O,0
CC(=O)O[C@H]1CC[C@](C)(O)[C@]23OC(C)(C)[C@H]([C@H](OC(=O)/C=C/c4ccccc4)[C@H](OC(=O)c4ccccc4)[C@]12C)[C@H]3OC(C)=O,0
CC(=O)O[C@H]1CC[C@](C)(O)[C@]23OC(C)(C)[C@H]([C@H](OC(=O)/C=C/c4ccccc4)[C@H](OC(=O)c4ccccc4)[C@]12C)[C@H]3OC(=O)CCl,0
CC(=O)O[C@H]1CC[C@](C)(O)[C@]23OC(C)(C)[C@H]([C@H](OC(=O)/C=C/c4ccccc4)[C@H](OC(=O)c4ccccc4)[C@]12C)[C@H]3OC(=O)CBr,0
CCC(=O)O[C@@H]1[C@H]2[C@H](OC(=O)/C=C/c3ccccc3)[C@H](OC(=O)c3ccccc3)[C@]3(C)[C@@H](OC(C)=O)CC[C@](C)(O)[C@@]13OC2(C)C,0
CCCC(=O)O[C@@H]1[C@H]2[C@H](OC(=O)/C=C/c3ccccc3)[C@H](OC(=O)c3ccccc3)[C@]3(C)[C@@H](OC(C)=O)CC[C@](C)(O)[C@@]13OC2(C)C,0
CCC(C)C(=O)O[C@@H]1[C@H]2[C@H](OC(=O)/C=C/c3ccccc3)[C@H](OC(=O)c3ccccc3)[C@]3(C)[C@@H](OC(C)=O)CC[C@](C)(O)[C@@]13OC2(C)C,0
CC(=O)O[C@H]1CC[C@](C)(O)[C@]23OC(C)(C)[C@H]([C@H](OC(=O)/C=C/c4ccccc4)[C@H](OC(=O)c4ccccc4)[C@]12C)[C@H]3OC(=O)C1CC1,0
CC(=O)O[C@H]1CC[C@](C)(O)[C@]23OC(C)(C)[C@H]([C@H](OC(=O)/C=C/c4ccccc4)[C@H](OC(=O)c4ccccc4)[C@]12C)[C@H]3OC(=O)c1ccccc1,0
CC(=O)O[C@H]1CC[C@](C)(O)[C@]23OC(C)(C)[C@H]([C@H](OC(=O)/C=C/c4ccccc4)[C@H](OC(=O)c4ccccc4)[C@]12C)[C@H]3OC(=O)c1cccnc1,0
CC(=O)O[C@H]1CC[C@](C)(O)[C@]23OC(C)(C)[C@H]([C@H](OC(=O)/C=C/c4ccccc4)[C@H](OC(=O)c4ccccc4)[C@]12C)[C@H]3OC(=O)c1cnccn1,0
CC(=O)O[C@H]1CC[C@](C)(O)[C@]23OC(C)(C)[C@H]([C@H](OC(=O)/C=C/c4ccccc4)[C@H](OC(=O)c4ccccc4)[C@]12C)[C@H]3OC(=O)N(C)C,0
CC(=O)O[C@H]1CC[C@](C)(O)[C@]23OC(C)(C)[C@H]([C@H](OC(=O)/C=C/c4ccccc4)[C@H](OC(=O)c4ccccc4)[C@]12C)[C@H]3OS(C)(=O)=O,0
CC(=O)O[C@H]1CC[C@]2(C)O[C@@H]3[C@H]4[C@H](OC(=O)/C=C/c5ccccc5)[C@H](OC(=O)c5ccccc5)[C@@]1(C)[C@]32OC4(C)C,0
CC(=O)O[C@H]1CC[C@](C)(OC(C)=O)[C@]23OC(C)(C)[C@H]([C@H](OC(=O)/C=C/c4ccccc4)[C@H](OC(=O)c4ccccc4)[C@]12C)[C@H]3OC(C)=O,0
CC(=O)O[C@H]1CC[C@](C)(O)[C@]23OC(C)(C)[C@H]([C@H](OC(=O)/C=C\c4ccccc4)[C@H](OC(=O)c4ccccc4)[C@]12C)[C@H]3OC(=O)c1ccccc1,0
CC(=O)O[C@H]1CC[C@](C)(O)[C@]23OC(C)(C)[C@H]([C@H](OC(=O)/C=C\c4ccccc4)[C@H](OC(=O)c4ccccc4)[C@]12C)[C@H]3OC(=O)c1cnccn1,0
COC(=O)CCC(=O)O[C@@H]1[C@H]2[C@H](OC(=O)/C=C/c3ccccc3)[C@H](OC(=O)c3ccccc3)[C@]3(C)[C@@H](OC(C)=O)CC[C@](C)(O)[C@@]13OC2(C)C,0
CCOC(=O)CCC(=O)O[C@@H]1[C@H]2[C@H](OC(=O)/C=C/c3ccccc3)[C@H](OC(=O)c3ccccc3)[C@]3(C)[C@@H](OC(C)=O)CC[C@](C)(O)[C@@]13OC2(C)C,0
CC(=O)O[C@H]1CC[C@](C)(O)[C@]23OC(C)(C)[C@H]([C@H](OC(=O)/C=C/c4ccccc4)[C@H](OC(=O)c4ccccc4)[C@]12C)[C@H]3OC(=O)CCC(=O)N(C(=O)NC1CCCCC1)C1CCCCC1,0
CC(=O)O[C@H]1CC[C@](C)(O)[C@]23OC(C)(C)[C@H]([C@H](OC(=O)/C=C/c4ccccc4)[C@H](OC(=O)c4ccccc4)[C@]12C)[C@H]3OC(=O)CCC(=O)OC1CCCCC1O,0
COC(=O)CCCC(=O)O[C@@H]1[C@H]2[C@H](OC(=O)/C=C/c3ccccc3)[C@H](OC(=O)c3ccccc3)[C@]3(C)[C@@H](OC(C)=O)CC[C@](C)(O)[C@@]13OC2(C)C,0
CC(=O)O[C@H]1CC[C@](C)(OC(=O)CNCC(C)C)[C@]23OC(C)(C)[C@H]([C@H](OC(=O)/C=C/c4ccccc4)[C@H](OC(=O)c4ccccc4)[C@]12C)[C@H]3OC(C)=O,0
CC(=O)O[C@H]1CC[C@](C)(OC(=O)CN2CCOCC2)[C@]23OC(C)(C)[C@H]([C@H](OC(=O)/C=C/c4ccccc4)[C@H](OC(=O)c4ccccc4)[C@]12C)[C@H]3OC(C)=O,0
CC(=O)O[C@H]1CC[C@](C)(O)[C@@]23OC(C)(C)[C@@H](C2=O)[C@H](OC(=O)/C=C/c2ccccc2)[C@H](OC(=O)c2ccccc2)[C@]13C,0
CC(=O)O[C@H]1CC[C@](C)(Cl)[C@]23OC(C)(C)[C@H]([C@H](OC(=O)/C=C/c4ccccc4)[C@H](OC(=O)c4ccccc4)[C@]12C)[C@H]3Cl,0
CC(=O)O[C@H]1CC[C@](C)(O)[C@]23OC(C)(C)[C@H]([C@H](OC(=O)CCc4ccccc4)[C@H](OC(=O)c4ccccc4)[C@]12C)[C@H]3O,0
CC(=O)O[C@H]1CC[C@@H](C)[C@]23OC(C)(C)[C@H]([C@H](OC(=O)CCc4ccccc4)[C@H](OC(=O)c4ccccc4)[C@]12C)[C@H]3O,0
CC(=O)O[C@H]1CC[C@](C)(O)[C@]23OC(C)(C)[C@H]([C@H](OC(=O)/C=C/c4ccccc4)[C@H](OC(=O)c4ccccc4)[C@]12C)[C@H]3OC(=O)CCC(=O)OCCO,0
O=c1c(O)c(-c2ccccc2)oc2ccccc12,0
O=c1c(O)c(-c2ccccc2)oc2cc(O)cc(O)c12,0
C=CC(C)(C)c1c(O)cc(O)c2c(=O)c(O)c(-c3ccccc3)oc12,0
CC(C)=Cc1c(O)cc2oc(-c3ccccc3)c(O)c(=O)c2c1O,0
CC(C)=Cc1c(O)cc(O)c2c(=O)c(O)c(-c3ccccc3)oc12,0
O=c1c(O)c(-c2ccc(O)cc2)oc2cc(O)cc(O)c12,0
COc1ccc(-c2oc3cc(O)cc(O)c3c(=O)c2O)cc1,0
C=CC(C)(C)c1c(O)cc(O)c2c(=O)c(O)c(-c3ccc(OC)cc3)oc12,0
O=c1c(O)c(-c2ccc(F)cc2)oc2cc(O)cc(O)c12,0
O=c1c(O)c(-c2ccc(Cl)cc2Cl)oc2cc(O)cc(O)c12,0
O=c1c(O)c(-c2ccc(I)cc2)oc2cc(O)cc(O)c12,0
O=c1c(O)c(C(c2ccccc2)c2ccccc2)oc2cc(O)cc(O)c12,0
CCCCCCCCc1ccc(-c2oc3cc(O)cc(O)c3c(=O)c2O)cc1,0
COc1c(-c2ccccc2)oc2cc(O)cc(O)c2c1=O,0
C=CC(C)(C)c1c(OC)cc(O)c2c(=O)c(OC)c(-c3ccccc3)oc12,0
O=c1c(-c2ccc(O)cc2)coc2cc(O)cc(O)c12,0
O=c1cc(-c2ccccc2)oc2ccccc12,0
O=c1cc(-c2ccccc2)oc2cc(O)ccc12,0
O=c1cc(-c2ccccc2)oc2cc(O)cc(O)c12,0
Cc1c(O)cc2oc(-c3ccccc3)cc(=O)c2c1O,0
COc1cc(O)c2c(=O)cc(-c3ccccc3)oc2c1,0
COc1cc2oc(-c3ccccc3)cc(=O)c2c(O)c1C,0
O=c1cc(-c2ccc(O)cc2)oc2cc(O)cc(O)c12,0
O=c1cc(-c2ccc(F)c(F)c2)oc2cc(O)cc(O)c12,0
O=c1cc(-c2ccc(I)cc2)oc2cc(O)cc(O)c12,0
CC(C)Oc1cc(O)c2c(=O)cc(-c3ccccc3)oc2c1,0
CC(C)c1c(O)cc2oc(-c3ccccc3)cc(=O)c2c1O,0
CC(C)Oc1cc2oc(-c3ccccc3)cc(=O)c2c(O)c1C(C)C,0
CC(C)Oc1c(C(C)C)c(O)c2c(=O)cc(-c3ccccc3)oc2c1C(C)C,0
O=c1cc(-c2ccccc2)oc2cc(O)c(Cc3ccccc3)c(O)c12,0
O=c1cc(-c2ccccc2)oc2c(Cc3ccccc3)c(O)cc(O)c12,0
O=c1cc(-c2ccccc2)oc2c(Cc3ccccc3)c(O)c(Cc3ccccc3)c(O)c12,0
O=c1cc(-c2ccccc2)oc2cc(OCc3ccccc3)cc(O)c12,0
CC(C)=Cc1c(O)cc2oc(-c3ccccc3)cc(=O)c2c1O,0
C=CC(C)(C)c1c(O)cc(O)c2c(=O)cc(-c3ccccc3)oc12,0
CC(C)=Cc1c(O)cc(O)c2c(=O)cc(-c3ccccc3)oc12,0
CC(C)=Cc1c(O)c(C=C(C)C)c2oc(-c3ccccc3)cc(=O)c2c1O,1
CC(C)=CCC/C(C)=C/c1c(O)cc2oc(-c3ccccc3)cc(=O)c2c1O,0
CC(C)=CCC/C(C)=C/c1c(O)cc(O)c2c(=O)cc(-c3ccccc3)oc12,0
C=CC(C)(C)c1c(O)cc(O)c2c(=O)cc(-c3ccc(O)cc3)oc12,0
