SMILES,freq,rank
O=c1cc(-c2ccccc2)oc2ccccc12,55,1
O=C1CNC(=O)CNC(=O)CNC(=O)CNC(=O)CNC(=O)CNC(=O)CNC(=O)CNC(=O)CNC(=O)CNC(=O)CN1,47,2
O=C(CCc1ccccc1)c1ccccc1OCCCN1CCN(c2ccccc2)CC1,36,3
c1ccc(OCCCN2CCN(c3ccccc3)CC2)cc1,34,4
c1ccc2c(c1)CCCO2,25,5
O=C(Nc1ccc(-c2ccccc2)cc1)c1ccccc1,22,6
c1ccc(CCc2ccccc2OCc2ccccc2)cc1,19,7
O=C(Nc1ccccc1-c1nnn(-c2ccccc2)n1)c1ccccc1,17,8
O=C(/C=C/c1ccccc1)O[C@H]1[C@H]2CO[C@]3(CCCCC3[C@H]1OC(=O)c1ccccc1)C2,17,9
c1ccc(-c2ccc(CN3CCc4ccccc4C3)cc2)cc1,16,10
O=C(Nc1ccccc1)c1ccccc1OCc1cn(CCN2CCc3ccccc3C2)nn1,16,11
O=C(CCc1ccccc1)c1ccccc1,16,12
c1ccc(Nc2nc(-c3ccccc3)nc3ccccc23)cc1,15,13
O=C(c1ccoc1)N1CCN(c2cc(-c3ccccc3)nc3cc(-c4ccccc4)nn23)CC1,14,14
O=C(c1ccoc1)N1CCN(c2cc(-c3ccco3)nc3cc(-c4ccccc4)nn23)CC1,14,15
O=C(NNC(=O)c1ccccc1)c1ccccc1,13,16
O=C1CNC(=O)CNC(=O)[C@@H]2CCCN2C(=O)[C@H](Cc2ccccc2)NC(=O)[C@H](Cc2ccccc2)NC(=O)CNC(=O)COC(=O)CNC(=O)CN1,12,17
O=C(c1ccoc1)N1CCN(c2ccnc3cc(-c4ccccc4)nn23)CC1,11,18
O=C(O[C@@H]1Cc2ccccc2O[C@@H]1c1ccccc1)c1ccccc1,11,19
O=C(Nc1ccc(-c2cccnc2)cc1)c1ccccc1,11,20
O=C(Cc1cccc(-n2c(=O)c3conc3c3ccccc32)c1)Nc1ccccc1,10,21
O=S(=O)(c1ccccc1)c1cno[nH+]1,10,22
c1ccc(CCCc2ccccc2OCCCN2CCCCC2)cc1,9,23
c1ccccc1,9,24
c1ccc(OCCCN2CCCCC2)cc1,9,25
c1ccc(OCCCN2CCOCC2)cc1,9,26
O=C(c1ccccc1)c1c[nH]n(-c2ccccc2)c1=O,8,27
O=C1Nc2ccccc2/C1=c1\[nH]c(=O)/c(=C/c2ccccc2)s1,8,28
O=C(CCc1ccccc1)c1c[nH]n(-c2ccccc2)c1=O,8,29
O=C(CCc1ccccc1)c1ccccc1OCCCNc1ccccc1,8,30
O=C1Nc2ccccc2/C1=c1/[nH]c(=O)/c(=C/c2ccccc2)s1,8,31
O=C(Nc1ccccc1)Nc1ccc(CCN2CCc3ccccc3C2)cc1,8,32
c1ccc(CCCc2ccccc2OCCCN2CCN(c3ccccc3)CC2)cc1,7,33
C(=C/c1ccccc1)\c1ccccc1,7,34
O=C1COC(=O)CCOC(=O)CC[C@H](Cc2ccccc2)N1,7,35
O=C(CCc1ccccc1)c1ccccc1OCCCN1CCCCC1,7,36
c1ccc(CCNCCCCc2cn(-c3ccccc3)c3ccccc23)cc1,6,37
O=C(c1ccccc1)c1ccc(OCCCN2CCN(c3ccccc3)CC2)cc1,6,38
O=C(c1ccccc1)c1cccc(OCCCN2CCN(c3ccccc3)CC2)c1,6,39
O=C(c1ccccc1)n1ccc2ccccc21,6,40
c1ccc(CNCCCCc2cn(-c3ccccc3)c3ccccc23)cc1,6,41
O=C(CCc1ccccc1)c1ccccc1OCCCNCc1ccccc1,6,42
O=C1CN[C@H]2c3ccccc3OC[C@@H]2O1,6,43
O=C(CCc1ccccc1)c1cccc(OCCCN2CCN(c3ccccc3)CC2)c1,6,44
c1ccc(Nc2nc(-c3ccncc3)nc3ccccc23)cc1,6,45
O=C(c1cccs1)c1c[nH]n(-c2ccccc2)c1=O,6,46
O=C1c2ccccc2NC(c2ccccc2)N1c1ccccc1,6,47
c1ccc(-c2cc3nc(-c4ccco4)cc(N4CCNCC4)n3n2)cc1,6,48
O=c1cc(-c2ccccc2)oc2c1ccc1ccccc12,5,49
O=C(c1ccccc1)c1ccccc1NC(=O)C(c1ccccc1)N1CCNCC1,5,50
O=c1c2ccccc2[nH]c2ccccc12,5,51
O=C(c1ccccc1)c1ccccc1,5,52
O=C1c2ccccc2N[C@@H](c2ccccc2)N1c1ccccc1,5,53
c1ccc2c(c1)CCN(Cc1coc(-c3ccc4ccccc4c3)n1)C2,5,54
O=C1CN[C@@H]2c3ccccc3OC[C@H]2O1,5,55
N=C1C[C@@H]2CCN[C@@H](Cc3c1[nH]c1ccccc31)C2,4,56
O=C(c1ccco1)N1CCN(c2ccnc3cc(-c4ccccc4)nn23)CC1,4,57
O=C(/C=C/c1ccccc1)c1cccc(Nc2ncnc3ccccc23)c1,4,58
O=C(CCc1cccc2ccccc12)c1ccccc1,4,59
C1=C(CCCN2CCc3ccccc3C2)c2ccccc2CC1,4,60
c1ccc(CCCc2ccccc2)cc1,4,61
c1ccc2c(c1)CCN(CCCC1CCCc3ccccc31)C2,4,62
O=C(O[C@H]1C(=O)c2ccccc2O[C@@H]1c1ccccc1)c1ccccc1,4,63
C1=CC(c2ccccc2)C=CN1,4,64
c1ncc2c3c(sc2n1)CCCC3,4,65
c1ccc(-c2csc(-c3ccc(Oc4ccc(CN5CCc6ccccc6C5)cc4)nc3)n2)cc1,4,66
c1ccc(CCCc2ccccc2OCCCN2CCOCC2)cc1,4,67
O=C(CCc1ccccc1)c1ccc(OCCCN2CCN(c3ccccc3)CC2)cc1,4,68
c1ccc2c(c1)CCN(Cc1csc(-c3ccc4ccccc4c3)n1)C2,4,69
c1ccc(OCCCN2CCC(c3ccccc3)CC2)cc1,4,70
c1ccc(CCc2ccccc2NCc2ccccc2)cc1,4,71
c1ccc(CCc2ccccc2OCCN2CCN(c3ccccc3)CC2)cc1,4,72
c1ccc(CCc2ccccc2OCCCN2CCN(c3ccccc3)CC2)cc1,4,73
O=C(/C=C/c1ccccc1)c1ccc(Nc2nc(-c3ccccc3)nc3ccccc23)cc1,4,74
O=c1cc(N2CCN(Cc3ccccc3)CC2)oc2ccccc12,4,75
O=C(/C=C/c1ccccc1)Nc1ccc(CCN2CCc3ccccc3C2)cc1,4,76
O=C(/C=C/c1ccccc1)c1cccc(Nc2nc(-c3ccccc3)nc3ccccc23)c1,3,77
O=C(/C=C/c1ccccc1)c1ccc(Nc2ncnc3ccccc23)cc1,3,78
O=C(CCc1cccc2ccccc12)c1cccc(OCCCN2CCN(c3ccccc3)CC2)c1,3,79
c1ncc2ccsc2n1,3,80
O=C1Nc2ccccc2/C1=c1/[nH]c(=O)/c(=C/c2ccc3c(c2)OCO3)s1,3,81
c1ccc(CCCCNCCc2ccccc2)cc1,3,82
O=C1C(c2ccccc2)=C(c2ccccc2)C(=O)N1C(=O)c1ccc(OCc2ccccc2)cc1,3,83
c1ccc(C2CC(c3ccc4ccccc4c3)=NN2)cc1,3,84
c1ccc(CCc2ccccc2OCCCCN2CCN(c3ccccc3)CC2)cc1,3,85
c1ccc(CCc2ccccc2OCCCCCN2CCN(c3ccccc3)CC2)cc1,3,86
c1ccc(Nc2ncnc3[nH]c4ccccc4c23)cc1,3,87
O=C1Nc2ccccc2/C1=c1\[nH]c(=O)/c(=C/c2ccc3c(c2)OCO3)s1,3,88
O=C(Nc1cccc(-c2ccc(CN3CCc4ccccc4C3)cc2)c1)c1ccc2ncccc2c1,3,89
c1ccc(-c2ccccc2-c2ccccc2)cc1,3,90
O=C(CCc1cccc2ccccc12)c1ccc(OCCCN2CCN(c3ccccc3)CC2)cc1,3,91
c1ccc(-c2cccc(-c3ccccc3)c2)cc1,3,92
c1ccc(OCCCNCCC(c2ccccc2)c2ccccc2)cc1,3,93
O=C(O[C@H]1Cc2ccccc2O[C@@H]1c1ccccc1)c1ccccc1,3,94
O=C(OCc1cn(CCOCCOCCOCCOCCOCCn2cc(COC(=O)C3=CNC=CC3c3conc3-c3ccccc3)nn2)nn1)C1=CNC=CC1c1conc1-c1ccccc1,3,95
O=C(CCc1ccccc1)c1cccc(OCc2ccccc2)c1,3,96
O=C(Cc1ccccc1)O[C@@H]1Cc2ccccc2O[C@@H]1c1ccccc1,3,97
O=C(Nc1ccccc1)c1ccccc1,3,98
O=C(CCc1ccccc1)O[C@@H]1Cc2ccccc2O[C@@H]1c1ccccc1,3,99
O=C1CC(c2ccccc2)Oc2ccccc21,3,100
O=C(Nc1cccc(C(=O)Nc2cccc(C(=O)O[C@@H]3Cc4ccccc4O[C@@H]3c3ccccc3)c2)c1)c1ccccc1,3,101
O=C(/C=C/c1ccccc1)O[C@H]1Cc2ccccc2O[C@@H]1c1ccccc1,3,102
O=C(CCc1ccccc1)c1ccccc1OCCCN1CCOCC1,3,103
O=C(/C=C/c1ccccc1)O[C@H]1C(=O)c2ccccc2O[C@@H]1c1ccccc1,3,104
O=C(O[C@H]1C[C@H]2CO[C@]3(CCCCC13)[C@@H]2OC(=O)c1ccccc1)c1ccccc1,3,105
O=C(c1ccccc1)c1ccccc1OCCCN1CCN(c2ccccc2)CC1,3,106
c1ccc(CN[C@@H]2CCOc3ccccc32)cc1,3,107
c1ccc(-c2cc3nc(-c4ccco4)ccn3n2)cc1,3,108
O=C(COc1ccccc1)Nc1ccc(CCN2CCc3ccccc3C2)cc1,3,109
O=C(CCc1ccccc1)c1ccccc1OCCCN1CCN(Cc2ccccc2)CC1,3,110
c1ccc(Nc2nc(-c3ccccn3)nc3ccccc23)cc1,2,111
c1ccc(N/N=C2\C[C@@H]3CCN[C@@H](Cc4c2[nH]c2ccccc42)C3)nc1,2,112
c1ccc2c(c1)CCN(Cc1ccc(-c3ccc4ccccc4c3)o1)C2,2,113
c1ccc(N/N=C2\C[C@@H]3CCN[C@@H](Cc4c2[nH]c2ccccc42)C3)cc1,2,114
O=c1c2ccccc2n(CCCN2CCNCC2)c2ccccc12,2,115
O=S(=O)(c1ccccc1)c1cnon1,2,116
O=C1OCc2ccc(NC(=O)N3C(=O)C(c4ccccc4)=C(c4ccccc4)C3=O)cc21,2,117
O=C(CN1C(=O)C(c2ccccc2)=C(c2ccccc2)C1=O)c1ccc(OCc2ccccc2)cc1,2,118
[N+]=c1ccc2c(-c3ccccc3)c3cc4c5c(c3[se]c-2c1)CCCN5CCC4,2,119
O=c1ccc2ccccc2o1,2,120
O=c1ccc2cc3ccoc3cc2o1,2,121
O=C(/C=C/c1ccccc1)Nc1cccc(C(=O)O[C@H]2C(=O)c3ccccc3O[C@@H]2c2ccccc2)c1,2,122
O=C(Nc1cccc(C(=O)O[C@H]2C(=O)c3ccccc3O[C@@H]2c2ccccc2)c1)c1ccccc1,2,123
O=C(/C=C/c1ccccc1)Nc1cccc(C(=O)O[C@@H]2Cc3ccccc3O[C@@H]2c2ccccc2)c1,2,124
O=C(Nc1ccc(-c2ccncc2)cc1)c1ccccc1,2,125
c1ccc([C@@H]2CCc3ccccc3O2)cc1,2,126
O=C(Nc1ccc(-c2cccnc2)cn1)c1ccccc1,2,127
O=C(Nc1ccc(-c2ccccc2)cn1)c1ccccc1,2,128
c1ccc(Nc2nc(-c3cccnc3)nc3ccccc23)cc1,2,129
c1ccc(-c2ccc(-c3ccccc3)cc2)cc1,2,130
O=c1c2ccccc2n(CCCCN2CCNCC2)c2ccccc12,2,131
O=C(CCc1ccccc1)c1ccc(OCCCN2CCOCC2)cc1,2,132
C1CCNC1,2,133
O=C(CCc1ccccc1)c1cccc(OCCCNCCC(c2ccccc2)c2ccccc2)c1,2,134
O=C(CCc1ccccc1)c1cccc(OCCCN2CCOCC2)c1,2,135
O=C(CCc1ccccc1)c1ccc(OCCCNCCC(c2ccccc2)c2ccccc2)cc1,2,136
c1ccc2occc2c1,2,137
O=C(N/N=C/c1cccc(CN2CCN(c3ccccc3)CC2)c1)c1ccccc1,2,138
c1ccc(CCc2c(CCN3CCN(c4ccccc4)CC3)oc3ccccc23)cc1,2,139
O=C(CCc1ccccc1)c1ccccc1OCCCN1CCC(Cc2ccccc2)CC1,2,140
O=C(CCc1ccccc1)c1cccc(OCCCN2CCCCC2)c1,2,141
O=C1CNC(=O)CNC(=O)[C@@H]2CCCN2C(=O)CNC(=O)[C@H](Cc2ccccc2)NC(=O)CNC(=O)COC(=O)CNC(=O)CN1,2,142
c1ccc2ncncc2c1,2,143
O=C(CCc1cccc2ccccc12)c1ccccc1OCCCN1CCCCC1,2,144
O=C(CCc1ccccc1)c1ccccc1OCCCNCC(c1ccccc1)c1ccccc1,2,145
O=C1CNC(=O)CNC(=O)CNC(=O)CNC(=O)CNC(=O)[C@H](Cc2ccccc2)NC(=O)CNC(=O)CNC(=O)CNC(=O)CNC(=O)CN1,2,146
O=C(CCc1cccc2ccccc12)c1ccccc1OCCCNCCC(c1ccccc1)c1ccccc1,2,147
O=C(CCc1ccccc1)c1cc(OCc2ccccc2)ccc1OCCCN1CCCCC1,2,148
O=C(CCc1ccccc1)c1ccc(OCCCN2CCCCC2)cc1,2,149
c1ccc(CC2CCN(CCCOc3ccccc3)CC2)cc1,2,150
O=C(CCc1ccccc1)c1cc(OCc2ccccc2)ccc1OCCCN1CCN(Cc2ccccc2)CC1,2,151
O=C(CCc1ccccc1)c1ccccc1OCCCNC1CCCCC1,2,152
c1ccc(CCSc2ncc3ccccc3n2)cc1,2,153
O=C1CCc2c(OCCCN3CCCCC3)cccc21,2,154
C1=CC(c2conc2-c2ccccc2)C=CN1,2,155
c1ccc(-c2cc3nccc(N4CCNCC4)n3n2)cc1,2,156
c1ccc(Oc2ccc(CN3CCc4ccccc4C3)cc2)nc1,2,157
O=C1c2ccccc2C(=O)c2cc3c(cc21)CCC[C@@H]3O[C@H]1CCCCO1,2,158
O=C(c1ccco1)N1CCN(c2ccnc3nc(-c4ccccc4)nn23)CC1,2,159
O=C(c1ccoc1)N1CCN(c2ccnc3cc(-c4ccncc4)nn23)CC1,2,160
c1ccc(CCc2ccccc2OCc2ccccn2)cc1,2,161
O=C(c1ccccc1)c1cn[nH]c1,2,162
O=C(c1ccccc1)c1cn(CCCN2CCN(c3ccccc3)CC2)n(-c2ccccc2)c1=O,2,163
c1ccc(-c2ccc3ccccc3c2)cc1,2,164
O=C(NCc1nc(C(=O)NCc2ccccc2)cs1)c1cscn1,2,165
O=C(Nc1ccccc1C(=O)Nc1ccc(N2CCN(Cc3ccccc3)CC2)cc1)c1cnc2ccccc2c1,2,166
O=C(CCc1ccccc1)O[C@H]1[C@H]2CO[C@]3(CCCCC3[C@H]1OC(=O)c1ccccc1)C2,2,167
c1ccc(CCc2ccccc2OCc2ccncc2)cc1,2,168
O=C(c1ccccc1)c1c[nH][nH]c1=O,2,169
O=C(NCCc1ccccc1)OCc1ccccc1,2,170
O=S(=O)(c1ccccc1)c1c[nH+]on1,2,171
O=C(NCCCOc1ccccc1C(=O)CCc1ccccc1)c1ccccc1,2,172
O=C(CCc1cccc2ccccc12)c1ccccc1OCCCN1CCOCC1,2,173
O=C(CCc1cccc2ccccc12)c1ccccc1OCCCN1CCC(c2ccccc2)CC1,2,174
O=C(CCc1ccccc1)c1ccccc1OCCCN1CCN(C(=O)c2ccccc2)CC1,2,175
O=C1CCc2cccc(OCCCN3CCCCC3)c21,2,176
O=C(NCc1nc(C(=O)Nc2ccccc2)cs1)c1cscn1,2,177
O=C(CCc1ccccc1)c1ccccc1OCCCNCCC(c1ccccc1)c1ccccc1,2,178
O=C(Nc1cccc(-c2ccc(CCN3CCc4ccccc4C3)cc2)c1)c1ccc2ccccc2n1,2,179
O=C1C[C@H](CN2CCN(c3ccccc3)CC2)Oc2ccccc21,2,180
O=C(c1ccccc1)c1ccccc1OCCCN1CCN(CCCOc2ccccc2C(=O)c2ccccc2)CC1,2,181
O=C(c1ccccc1)c1ccccc1OCCCN1CCN(C(=S)Nc2ccccc2)CC1,2,182
O=C(c1ccccc1)c1ccccc1OCCCN1CCN(C(=O)Nc2ccccc2)CC1,2,183
O=C(Nc1ccc(-c2cccs2)cc1)c1ccccc1,2,184
O=C(c1ccccc1)c1ccc(OCCCN2CCOCC2)cc1,2,185
O=C1c2c(cccc2OCCCN2CCN(c3ccccc3)CC2)C[C@@H]1Cc1ccccc1,2,186
O=C(c1ccccc1)c1ccccc1OCCCN1CCOCC1,2,187
O=C(c1ccccc1)c1ccc(OCCCN2CCCCC2)cc1,2,188
O=C(c1ccccc1)N1CCCc2ccccc21,2,189
c1ccc2c(c1)CCc1cccnc1C2=C1CCNCC1,2,190
c1ccc(-n2cc(CCCCN[C@H]3CCc4ccccc43)c3ccccc32)cc1,2,191
c1ccc(-n2cc(CCCCNC3CCc4ccccc43)c3ccccc32)cc1,2,192
c1ccc(Nc2ncnc3c2CCC3)cc1,2,193
O=C(c1ccccc1)c1cccc(OCCCN2CCCCC2)c1,2,194
c1ccc(-n2cc(CCCCN[C@@H]3CCc4ccccc43)c3ccccc32)cc1,2,195
c1ccc(CNc2ccc(-c3ccccc3)cc2)cc1,2,196
O=C(Nc1cccc(-c2ccccc2)c1)c1ccccc1,2,197
[N+]=c1ccc2c(-c3cccs3)c3cc4c5c(c3sc-2c1)CCCN5CCC4,2,198
O=C(c1ccc(-c2ccccc2)o1)N1CCc2ccccc2C1,2,199
c1ccc(CCCc2ccccc2OCCCN2CCN(Cc3ccccc3)CC2)cc1,2,200
c1ccc(-c2ccc(CN3CCc4ccccc4C3)o2)cc1,2,201
O=C(c1ccccc1)c1ccccc1OCCCN1CCN(CCCOc2ccccc2)CC1,2,202
c1ccc(-c2ccccc2CCN2CCc3ccccc3C2)cc1,2,203
O=C1C=CC2c3ccc4c(c3O[C@@]23O[C@@H](c2ccccc2)CC=C13)CC[C@H](c1ccccc1)O4,2,204
c1ccc2c(c1)OC[C@@H]1OCCN[C@@H]21,2,205
O=C(O[C@H]1CC[C@]23OC[C@H](C[C@H](OC(=O)c4ccoc4)C2C1)[C@H]3OC(=O)c1ccccc1)c1ccccc1,2,206
c1ccc(C[SH+]c2nc3ccccc3[nH]2)nc1,2,207
O=C1C2=C(C(=O)C3=C1[C@H]1c4ccccc4OC[C@H]1CO3)[C@H]1c3ccccc3CO[C@H]1CO2,2,208
c1ccc(-c2ccc(CCN3CCc4ccccc4C3)cc2)cc1,2,209
O=C1C=C2C[C@@H](Sc3ccc(NC(=O)NCc4ccccc4)cc3)[C@H]3[C@@H]4CCCC4CC[C@@H]3C2CC1,1,210
O=C(O[C@H]1C[C@H]2CO[C@]3(CCCCC13)C2)c1ccco1,1,211
O=C1c2c(cccc2OCCCN2CCCCC2)CC1Cc1ccccc1,1,212
O=C(/C=C\c1ccccc1)O[C@@H]1[C@H](OC(=O)c2ccccc2)C2CCCC[C@]23OC[C@H]1[C@H]3OC(=O)c1ccccc1,1,213
O=C(CCc1ccccc1)c1cccs1,1,214
O=C(O[C@H]1CNc2ccccc2[C@H]1N1CCCC1)c1ccccc1,1,215
O=C(c1ccccc1)N1CC[C@H](N2CCCC2)c2ccccc21,1,216
O=C(c1ccoc1)N1CCN(c2cc(-c3ccco3)nc3ccnn23)CC1,1,217
O=C(CCc1ccccc1)c1ccccc1OCCCNC(c1ccccc1)C1CCCCC1,1,218
O=C(c1ccccc1)N1CC[C@@H](N2CCN(Cc3ccccc3)CC2)c2ccccc21,1,219
O=C(c1ccccc1)N1CC[C@@H](NCc2ccccc2)c2ccccc21,1,220
O=C(/C=C/c1ccccc1)O[C@@H]1[C@H](OC(=O)c2ccccc2)C2CCCC[C@]23OC[C@H]1[C@H]3OC(=O)CCC(=O)OC1CCCCC1,1,221
c1ccc(CN2CCN([C@@H]3CCOc4ccccc43)CC2)cc1,1,222
O=C(/C=C/c1ccccc1)O[C@H]1[C@H]2CO[C@]3(CCCCC3[C@H]1OC(=O)c1ccccc1)C2=O,1,223
O=C(c1ccoc1)N1CCCN(c2cc(-c3ccco3)nc3cc(-c4ccccc4)nn23)C1,1,224
O=C(c1ccccc1)N1CC[C@H](NCc2ccccc2)c2ccccc21,1,225
O=C(/C=C/c1ccccc1)O[C@@H]1[C@H](OC(=O)c2ccccc2)C2CCCC[C@]23OC[C@H]1[C@H]3OC(=O)CCC(=O)N(C(=O)NC1CCCCC1)C1CCCCC1,1,226
O=C1CN(c2cc(-c3ccco3)nc3cc(-c4ccccc4)nn23)CCN1c1ccccc1,1,227
O=C(/C=C\c1ccccc1)O[C@@H]1[C@H](OC(=O)c2ccccc2)C2CCCC[C@]23OC[C@H]1[C@H]3OC(=O)c1cnccn1,1,228
O=C(c1ccccc1)N1CC[C@@H](N2CCN(c3ccccc3)CC2)c2ccccc21,1,229
c1ccc(CN2CCO[C@H]3COc4ccccc4[C@@H]32)cc1,1,230
O=C(c1ccccc1)N1CCN(c2cc(-c3ccco3)nc3cc(-c4ccccc4)nn23)CC1,1,231
O=C(c1ccoc1)N1CCN(c2ccc3c(-c4ccccc4)[nH]nc3n2)CC1,1,232
O=C(/C=C/c1ccccc1)O[C@H]1[C@H]2CO[C@@]3(C2)C(OC(=O)CN2CCOCC2)CCCC3[C@H]1OC(=O)c1ccccc1,1,233
O=C(O[C@H]1C[C@H]2CO[C@]3(CCCCC13)[C@@H]2OC(=O)c1ccco1)c1ccco1,1,234
O=S(=O)(c1ccccc1)c1no[nH+]c1S(=O)(=O)c1ccccc1,1,235
c1ccc2nc3ccccc3cc2c1,1,236
c1ccc(CCN[C@H]2CCOc3ccccc32)cc1,1,237
O=C1c2cccc(OCCCN3CCCCC3)c2CC1Cc1ccccc1,1,238
c1ccc2c(c1)Nc1ccccc1S2,1,239
N=C1CN(CCCCN2CCN(C3CCCCC3)CC2)c2ccccc21,1,240
N=C1CN(CCCCN2CCc3ccccc3C2=O)c2ccccc21,1,241
O=c1cc(-c2ccccc2)oc2ccc(Cc3ccccc3)cc12,1,242
c1ccc2c(c1)CCNC2,1,243
c1ccc2c(c1)CCN(CCCCn1ccc3ccccc31)C2,1,244
O=C(O[C@H]1CCC[C@]23C[C@H](CO2)C[C@H](OC(=O)c2ccccc2)C13)c1ccoc1,1,245
O=C(CCc1ccccc1)c1ccccc1OCCCN(C(c1ccccc1)c1ccccc1)C(c1ccccc1)c1ccccc1,1,246
c1ccc2c(c1)ccn2CCCCN1CCN(C2CCCCC2)CC1,1,247
C1=CC(CCCc2ccccc2OCCCNCCC(c2ccccc2)c2ccccc2)=CCC1,1,248
N=C1CN(CCCCN2CCc3ccccc3C2)c2ccccc21,1,249
O=C1C2=C(C(=O)C3=C1[C@@H]1CCCC[C@H]1CO3)[C@@H]1CCCC[C@H]1CO2,1,250
O=C1C(=O)C2=C(OC[C@H]3COc4ccccc4[C@@H]23)C2=C1[C@@H]1c3ccccc3OC[C@@H]1CO2,1,251
O=C1C(=O)C2=C(OC[C@@H]3COc4ccccc4[C@H]23)C2=C1[C@@H]1c3ccccc3OC[C@@H]1CO2,1,252
O=C(/C=C/c1ccccc1)O[C@H]1C[C@H]2CO[C@]3(CCC[C@H](OC(=O)c4ccccc4)C13)C2,1,253
O=C(O[C@H]1CC[C@]23C[C@H](CO2)C[C@H](OC(=O)c2ccco2)C3C1)c1ccccc1,1,254
O=c1cc(-c2ccccc2)oc2c(Cc3ccccc3)cccc12,1,255
O=C(O[C@H]1C[C@H]2CO[C@]3(CCCCC13)[C@@H]2OC(=O)c1ccoc1)c1ccoc1,1,256
O=c1cc(-c2ccccc2)oc2c(Cc3ccccc3)cc(Cc3ccccc3)cc12,1,257
O=c1c(-c2ccccc2)coc2ccccc12,1,258
O=C(Nc1ccc(CCN2CCc3ccccc3C2)cc1)c1cccnc1NCc1ccncc1,1,259
O=C1c2c(cccc2OCCCN2CCN(c3ccccc3)CC2)CC1Cc1ccccc1,1,260
O=C(O[C@H]1CNc2ccccc2C1)c1ccccc1,1,261
O=C1CC(CN2CCCCC2)Oc2ccccc21,1,262
N=C(CCc1ccccc1)[C@@H]1C=NN(c2ccccc2)C1=O,1,263
O=C(COc1ccccc1)CN1CCN(c2ccccc2)CC1,1,264
O=C(C1Oc2ccccc2C1CCc1ccccc1)N1CCCCC1,1,265
O=C(C1Cc2ccccc2O1)N1CCCCC1,1,266
c1ccc(CCC2c3ccccc3OC2CN2CCCCC2)cc1,1,267
c1ccc2c(c1)CC(CN1CCCCC1)O2,1,268
O=c1cc(C(c2ccccc2)c2ccccc2)oc2ccccc12,1,269
O=C(NC1OC2[C@@H]3CCCN3C(=O)[C@H](Cc3ccccc3)N2C1=O)[C@H]1CN[C@@H]2Cc3c[nH]c4cccc(c34)[C@H]2C1,1,270
O=C(Nc1ccc(N2CCOCC2)cc1)c1cccnc1NCc1ccncc1,1,271
O=C(OCCN1CCN(C(c2ccccc2)c2ccccc2)CC1)c1cncc(P2(=O)OCCCO2)c1-c1ccccc1,1,272
O=C(/C=C/c1ccccc1)O[C@H]1C[C@H]2CO[C@]3(CCC[C@H](OC(=O)c4ccoc4)C13)C2,1,273
c1ccc(CCc2c(CCN3CCCCC3)oc3ccccc23)cc1,1,274
O=C1c2ccccc2N[C@@H](c2ccccc2)N1c1ccc(Oc2ccccc2)cc1,1,275
C1=C[C@H](c2ccccc2)c2c(-c3ccccc3)n[nH]c2O1,1,276
O=C1c2ccccc2N[C@@H](c2ccc3c(c2)OCO3)N1c1ccccc1,1,277
O=C(Nc1ccccc1)C1=CNC(=S)N[C@@H]1c1cccs1,1,278
c1ccc(-n2cc(CCCCN3CCc4ccccc4C3)c3ccccc32)cc1,1,279
O=C(c1ccoc1)N1CCN(c2cc(-c3ccccc3)nc3cc(-c4ccncc4)nn23)CC1,1,280
O=C(CCc1cccc2ccccc12)c1cccc(OCCCN2CCCCC2)c1,1,281
O=C(/C=C/c1ccccc1)O[C@@H]1[C@H](OC(=O)c2ccccc2)C2CCCC3O[C@@H]4[C@@H]1CO[C@@]324,1,282
O=C1C[C@H](CN2CCCCC2)Oc2ccccc21,1,283
O=C(c1ccccc1)c1ccccc1OCCCNCCNS(=O)(=O)c1cccc2ccccc12,1,284
c1ccc(CN[C@H]2CCOc3ccccc32)cc1,1,285
O=C(CCc1ccccc1)c1ccccc1OCCCN[C@@H](c1ccccc1)C1CCCCC1,1,286
O=C1c2c(cccc2OCCCN2CCCCC2)C[C@@H]1Cc1ccccc1,1,287
c1ccc(CNC2CCOc3ccccc32)cc1,1,288
O=C(C(c1ccccc1)c1ccccc1)N1CCN(CCCOc2cccc3ncccc23)CC1,1,289
O=C1c2cccc(OCCCN3CCCCC3)c2C[C@H]1Cc1ccccc1,1,290
O=C1c2c(cccc2OCCCN2CCOCC2)C[C@@H]1Cc1ccccc1,1,291
C1=CC2CCCOC2C=C1,1,292
O=C(/C=C/c1ccccc1)N(C(=O)/C=C/c1ccccc1)c1nc(Cc2ccccc2)c(Cc2ccccc2)[nH]1,1,293
O=C1C[C@H](CN2CCN(Cc3ccccc3)CC2)Oc2ccccc21,1,294
O=C1C[C@H](CN2CCOCC2)Oc2ccccc21,1,295
O=C([C@@H]1Oc2ccccc2[C@@H]1CCc1ccccc1)N1CCCCC1,1,296
c1ccc(CCC2c3ccccc3OC2CCN2CCCCC2)cc1,1,297
c1ccc(CNCCCC[C@H]2CCC3C4CC[C@H]5CCCCC5[C@H]4CC[C@@H]32)cc1,1,298
c1ccc(CCNCCCC[C@H]2CCC3C4CC[C@H]5CCCCC5[C@H]4CC[C@@H]32)cc1,1,299
O=C([C@H]1Cc2ccccc2O1)N1CCCCC1,1,300
c1ccc(CC[C@H]2c3ccccc3O[C@H]2CN2CCCCC2)cc1,1,301
O=C(Nc1nc(Cc2ccccc2)c(Cc2ccccc2)[nH]1)c1ccccc1,1,302
O=C(c1ccccc1)c1ccccc1OCCCN1CCC(c2ccccc2)CC1,1,303
O=C(NCCCNc1cc(-c2ccco2)nc2cc(-c3ccccc3)nn12)c1ccoc1,1,304
O=C(Nc1ccccc1CCc1ccccc1)c1cccnc1,1,305
O=C1O[C@@H]2COc3ccccc3[C@H]2N[C@H]1Cc1ccccc1,1,306
c1ccc(CCN[C@@H]2CCOc3ccccc32)cc1,1,307
O=C(CC1=Cc2cc(-c3ccccc3)ccc2OC1)N1CCc2ccccc2C1,1,308
O=C(O[C@H]1CC[C@]23OC[C@H](C[C@H](OC(=O)c4ccccc4)C2C1)[C@H]3ON1C(=O)CCC1=O)c1ccccc1,1,309
C1=C(CCN2CCc3ccccc3C2)COc2ccc(-c3ccccc3)cc21,1,310
c1ccc(-c2ccc(OCCCCN3CCc4ccccc4C3)cc2)cc1,1,311
O=C(/C=C\c1ccccc1)O[C@H]1[C@H]2CO[C@]3(CCCCC3[C@H]1OC(=O)c1ccccc1)C2,1,312
c1ccc(-c2ccc(NCCCN3CCc4ccccc4C3)cc2)cc1,1,313
c1ccc(-c2ccc(OCCN3CCc4ccccc4C3)cc2)cc1,1,314
c1ccc(CCCc2ccccc2OCCCNCCC(c2ccccc2)c2ccccc2)cc1,1,315
O=C(Nc1ccccc1CCc1ccccc1)c1ccccc1,1,316
O=C(/C=C/c1ccccc1)c1ccccc1OCCCN1CCCCC1,1,317
c1ccc(CCc2ccccc2NCc2ccncc2)cc1,1,318
O=C(CCc1ccccc1)c1ccccc1OCCCN1CCC(c2ccccc2)CC1,1,319
c1ccc(-c2ccc(OCCCN3CCc4ccccc4C3)cc2)cc1,1,320
O=C(Cc1ccc(-c2ccccc2)cc1)N1CCc2ccccc2C1,1,321
c1ccc(CCc2ccccc2OCc2ncccn2)cc1,1,322
O=C(CCc1ccccc1)c1ccccc1OCCCNC(c1ccccc1)c1ccccc1,1,323
O=C1c2ccccc2CCN1CCCN1CCc2ccccc2C1,1,324
c1ccc2c(c1)C[C@H](CN1CCCCC1)O2,1,325
O=C(/C=C/c1ccccc1)O[C@@H]1[C@H](OC(=O)c2ccccc2)C2CCCC[C@]23OC[C@H]1[C@H]3OC(=O)C1CC1,1,326
O=C(/C=C/c1ccccc1)O[C@@H]1[C@H](OC(=O)c2ccccc2)C2CCCC[C@]23OC[C@H]1[C@H]3OC(=O)c1cnccn1,1,327
O=C(c1ccco1)N1CCN(c2c3c(nc4cc(-c5ccccc5)nn24)CCC3)CC1,1,328
c1ccc(-c2cc(N3CCNCC3)n3nc(-c4ccccc4)cc3n2)cc1,1,329
O=C(/C=C/c1ccccc1)O[C@@H]1[C@H](OC(=O)c2ccccc2)C2CCCC[C@]23OC[C@H]1[C@H]3OC(=O)c1cccnc1,1,330
O=C(CCc1cccc2ccccc12)c1cccc(OCCCN2CCOCC2)c1,1,331
O=C(c1ccoc1)N1CCN(c2cc(-c3ccco3)nc3cc(-c4cccs4)nn23)CC1,1,332
c1ccc(CN2CCN(c3cc(-c4ccco4)nc4cc(-c5ccccc5)nn34)CC2)cc1,1,333
O=C(NCCNc1cc(-c2ccco2)nc2cc(-c3ccccc3)nn12)c1ccoc1,1,334
O=C(c1ccoc1)N1CCN(c2cc(-c3cccs3)nc3cc(-c4ccccc4)nn23)CC1,1,335
O=C(c1ccoc1)N1CCN(c2cc(-c3ccco3)nc3cc(-c4cccc(-c5ccco5)c4)nn23)CC1,1,336
O=C(CCc1ccccc1)c1cc(OCc2ccccc2)ccc1OCCCN1CCC(c2ccccc2)CC1,1,337
O=C(OCc1ccccc1)N1CCN(c2cc(-c3ccco3)nc3cc(-c4ccccc4)nn23)CC1,1,338
O=C(C1CCCO1)N1CCN(c2c3c(nc4cc(-c5ccccc5)nn24)CCCC3)CC1,1,339
O=C1O[C@H]2COc3ccccc3[C@@H]2NC1Cc1ccccc1,1,340
O=C(c1ccoc1)N1CCN(c2cc(-c3ccco3)nc3cc(-c4ccco4)nn23)CC1,1,341
C1=CC2CC[C@@H]3Nc4ccc(C5C[C@H]6CCCN(CCc7c5[nH]c5ccccc75)C6)cc4[C@@]34CCN(C1)[C@@H]24,1,342
c1ccc(-c2cc3nc(-c4ccco4)cc(N4CCN(Cc5ccoc5)CC4)n3n2)cc1,1,343
O=c1c(Cc2ccccc2)c[nH]n1-c1ccccc1,1,344
O=C(Nc1ccccc1)C1CCN(c2cc(-c3ccco3)nc3cc(-c4ccccc4)nn23)CC1,1,345
O=C(CCc1cccc2ccccc12)c1ccc(OCCCN2CCCCC2)cc1,1,346
O=C(c1ccoc1)N1CCN(c2ccnc3cc(-c4ccc5c(c4)OCO5)nn23)CC1,1,347
O=C(c1ccco1)N1CCN(c2cc(-c3ccco3)nc3cc(-c4ccccc4)nn23)CC1,1,348
O=C(c1coc2ccccc12)N1CCN(c2cc(-c3ccco3)nc3cc(-c4ccccc4)nn23)CC1,1,349
c1ccc(-c2cc(-c3ccc4c(c3)CCCC4)on2)cc1,1,350
O=C(c1ccccc1)c1ccccc1OCCCN1CCNCC1,1,351
O=S(=O)(c1ccccc1)c1[nH+]onc1Oc1ccccc1,1,352
c1ccc(CN2CCN(CCCOc3ccccc3)CC2)cc1,1,353
c1ccc(Cc2cn3cc(-c4ccccc4)nc(Cc4ccccc4)c3n2)cc1,1,354
C1=C2c3cccc4[nH]cc(c34)C[C@H]2NCC1,1,355
O=C(Nc1ccccc1)N1CCN(CCCOc2ccccc2)CC1,1,356
O=C(CCc1cccc2ccccc12)c1ccc(OCCCN2CCOCC2)cc1,1,357
O=C(CCc1cccc2ccccc12)c1ccccc1OCCCN1CCN(c2ccccc2)CC1,1,358
O=C(/C=C/c1ccccc1)O[C@@H]1[C@H](OC(=O)c2ccccc2)C2CCCC[C@]23OC[C@H]1[C@H]3OC(=O)c1ccccc1,1,359
O=C(c1ccccc1)c1cccc(OCCCN2CCOCC2)c1,1,360
c1ccc(-c2nc(CN3CCc4ccccc4C3)cs2)cc1,1,361
O=C(O[C@H]1CCC2CN3CCc4c([nH]c5ccccc45)C3CC2C1)c1ccccc1,1,362
O=C(c1ccsc1)N1CCN(c2cc(-c3ccco3)nc3cc(-c4ccccc4)nn23)CC1,1,363
O=C(C1CCCO1)N1CCN(c2ccnc3cc(-c4ccccc4)nn23)CC1,1,364
O=C(c1ccoc1)N1CCN(c2cc(-c3ccoc3)nc3cc(-c4ccccc4)nn23)CC1,1,365
O=C(c1ccco1)N1CCN(c2ccnc3c(-c4ccccc4)cnn23)CC1,1,366
O=C(O[C@H]1C[C@H]2CO[C@]3(CCCCC13)[C@@H]2OC(=O)c1ccccc1)c1ccoc1,1,367
c1ccc2ccccc2c1,1,368
O=C(/C=C/c1ccccc1)O[C@H]1CC2C[C@H](OC(=O)c3ccccc3)CC1N2,1,369
O=c1n(CCOc2ccccc2)cnn1CCCN1CCN(c2ccccc2)CC1,1,370
c1csc(-c2cc[te+]cc2)c1,1,371
O=C1CCC[C@@H](CCn2cc(C(=O)Nc3ccccc3)c(-c3ccccc3)c2-c2ccccc2)O1,1,372
O=C(N[C@@H]1CCc2ccccc21)[C@@H](CCCN1CCN(Cc2cccnc2)CC1)Cc1ccccc1,1,373
O=C1COC(=O)CNC(=O)COC(=O)CNC(=O)COC(=O)CNC(=O)COC(=O)CNC(=O)COC(=O)CNC(=O)COC(=O)CN1,1,374
O=C1C=C2CC[C@@H]3[C@H](CCC4[C@H]3CC[C@@]43CCC(=O)O3)C2CC1,1,375
O=C(CC1CCNCC1)N1CCC([C@@H]2c3ccccc3CCc3cccnc32)CC1,1,376
c1ccc([C@@H]2CCCc3ccccc32)cc1,1,377
c1ccc([C@@H]2CCNC[C@H]2COc2ccc3c(c2)OCO3)cc1,1,378
c1ccc(COc2ccccc2)cc1,1,379
c1ccc(CCCN2CCC(Cc3ccccc3)CC2)cc1,1,380
O=C(OCCCN1CCC(c2ccccc2)(c2ccccc2)CC1)C1=CNC=C[C@@H]1c1ccccc1,1,381
c1cc2cc(c1)Oc1cccc(c1)C[C@H]1NCCc3ccc(cc31)Oc1c3c(cc4c1[C@H](C2)NCC4)OCO3,1,382
c1ccc(Cc2ccccc2)cc1,1,383
O=C(CCCCCCCCc1cn(CCCCCCCCC(=O)O[C@H](c2ccnc3ccccc23)[C@@H]2CC3CCN2CC3)nn1)O[C@H](c1ccnc2ccccc12)[C@@H]1CC2CCN1CC2,1,384
O=C1CCC=CCC(=O)C[C@@H](CCC2CCCCC2)OC(=O)[C@@H]2CCCCN2C(=O)C(=O)C2CCC[C@@H](CC/C=C/C=C/C=C/CCC1)O2,1,385
C1=C2CCCCC2[C@H]2CCC3CCC[C@H]3[C@@H]2C1,1,386
c1ccc(-c2nc(-c3ccccc3)c(-c3ccccc3)[nH]2)cc1,1,387
c1ccc2c(c1)[C@H]1C[C@H]1c1ccccc1[C@@H]2N1CCN(CCCOc2cccc3ncccc23)CC1,1,388
c1ccc(CCN2CCC(Nc3ccccc3)CC2)cc1,1,389
c1ccc(NC2CCN(CCc3cccs3)CC2)cc1,1,390
c1ccc(C2CCN(CCC(c3ccccc3)c3ccccc3)CC2)cc1,1,391
O=c1[nH]nnn1CCN1CCC(Nc2ccccc2)CC1,1,392
O=C(Nc1ccccc1)c1ccc(-c2ccccc2)cc1,1,393
O=C(Nc1ccc(-c2ccc[nH+]c2)cc1)c1ccccc1,1,394
O=C(Nc1ccc(-c2ccc3c(c2)OCO3)cc1)c1ccccc1,1,395
O=C(c1ccccc1)c1ccccc1OCCCN1CCCCC1,1,396
c1csc(-c2cc[se+]cc2)c1,1,397
c1ccc(Nc2ncnc3ccccc23)cc1,1,398
[N+]=c1ccc2c(-c3ccc(C(=O)N4CCCCC4)s3)c3cc4c5c(c3sc-2c1)CCCN5CCC4,1,399
[N+]=c1ccc2c(-c3cccs3)c3ccccc3sc-2c1,1,400
O=C(/C=C/c1ccccc1)O[C@H]1CC[C@@H](N[C@H]2CC[C@H](OC(=O)C3c4ccccc4-c4ccccc43)CC2)CC1,1,401
O=C(/C=C/c1ccccc1)O[C@H]1CC[C@H](N[C@H]2CC[C@H](OC(=O)C3c4ccccc4-c4ccccc43)CC2)CC1,1,402
O=C(/C=C/c1ccccc1)O[C@H]1CC[C@@H](N[C@H]2CC[C@@H](OC(=O)C3c4ccccc4-c4ccccc43)CC2)CC1,1,403
O=C(/C=C/c1ccccc1)O[C@H]1CC[C@H](N[C@H]2CC[C@@H](OC(=O)C3c4ccccc4-c4ccccc43)CC2)CC1,1,404
O=C(CCc1ccccc1)O[C@H]1CC[C@H](N[C@H]2CC[C@@H](OC(=O)c3ccccc3)CC2)CC1,1,405
O=C(CCc1ccccc1)O[C@H]1CC[C@H](N[C@H]2CC[C@H](OC(=O)c3ccccc3)CC2)CC1,1,406
O=C(CCc1ccccc1)O[C@H]1CC[C@@H](N[C@H]2CC[C@@H](OC(=O)c3ccccc3)CC2)CC1,1,407
O=C(CCc1ccccc1)O[C@H]1CC[C@@H](N[C@H]2CC[C@H](OC(=O)c3ccccc3)CC2)CC1,1,408
O=C(C#Cc1ccccc1)O[C@H]1CC[C@H](N[C@H]2CC[C@@H](OC(=O)c3ccccc3)CC2)CC1,1,409
O=C(C#Cc1ccccc1)O[C@H]1CC[C@H](N[C@H]2CC[C@H](OC(=O)c3ccccc3)CC2)CC1,1,410
O=C(C#Cc1ccccc1)O[C@H]1CC[C@@H](N[C@H]2CC[C@@H](OC(=O)c3ccccc3)CC2)CC1,1,411
O=C(C#Cc1ccccc1)O[C@H]1CC[C@@H](N[C@H]2CC[C@H](OC(=O)c3ccccc3)CC2)CC1,1,412
O=C(C#Cc1ccccc1)O[C@H]1CC[C@@H](N[C@H]2CC[C@H](OC(=O)C(c3ccccc3)c3ccccc3)CC2)CC1,1,413
O=C(C#Cc1ccccc1)O[C@H]1CC[C@H](N[C@H]2CC[C@H](OC(=O)C(c3ccccc3)c3ccccc3)CC2)CC1,1,414
O=C1NCc2nc(cs2)C(=O)NCc2nc(cs2)C(=O)NCc2nc1cs2,1,415
O=C(NCc1nc(C(=O)NCc2nccs2)cs1)c1cscn1,1,416
O=C(C#Cc1ccccc1)O[C@H]1CC[C@@H](N[C@H]2CC[C@@H](OC(=O)C(c3ccccc3)c3ccccc3)CC2)CC1,1,417
O=C(C#Cc1ccccc1)O[C@H]1CC[C@H](N[C@H]2CC[C@@H](OC(=O)C(c3ccccc3)c3ccccc3)CC2)CC1,1,418
O=C(C#Cc1ccccc1)O[C@H]1CC[C@@H](N[C@H]2CC[C@H](OC(=O)C3c4ccccc4-c4ccccc43)CC2)CC1,1,419
O=C(C#Cc1ccccc1)O[C@H]1CC[C@H](N[C@H]2CC[C@H](OC(=O)C3c4ccccc4-c4ccccc43)CC2)CC1,1,420
O=C(C#Cc1ccccc1)O[C@H]1CC[C@@H](N[C@H]2CC[C@@H](OC(=O)C3c4ccccc4-c4ccccc43)CC2)CC1,1,421
O=C(C#Cc1ccccc1)O[C@H]1CC[C@H](N[C@H]2CC[C@@H](OC(=O)C3c4ccccc4-c4ccccc43)CC2)CC1,1,422
c1ccc(CCCCNCc2c3ccccc3cc3ccccc23)cc1,1,423
O=C(Nc1cccc(-c2ccc(CN3CCc4ccccc4C3)cc2)c1)c1ccc2ccccc2n1,1,424
O=C(c1ccccc1)n1c(-c2ccccc2)cc2ccccc21,1,425
O=C1CCc2ccc(OCCCCN3CCN(c4ccccc4)CC3)cc2N1,1,426
O=C(CCCCCCc1cn(CCCCCCC(=O)O[C@H](c2ccnc3ccccc23)[C@@H]2CC3CCN2CC3)nn1)O[C@H](c1ccnc2ccccc12)[C@@H]1CC2CCN1CC2,1,427
O=C(Nc1ccccc1P(=O)(Nc1ccccc1)N1CCOCC1)c1cccs1,1,428
O=C1C2C3c4ccccc4C(c4ccccc43)C2C(=O)N1CCNCCc1ccccc1,1,429
c1ccc(CCc2ccccc2OCCN2CCN(c3ncccn3)CC2)cc1,1,430
O=C(Nc1ccc(CCN2CCc3ccccc3C2)cc1)c1cccc(NC(=O)c2cnc3ccccc3c2)c1,1,431
O=C(Nc1ccc(CCN2CCc3ccccc3C2)cc1)C1Oc2ccccc2O1,1,432
[N+]=c1ccc2c(-c3ccc(C(=S)N4CCOCC4)s3)c3cc4c5c(c3sc-2c1)CCCN5CCC4,1,433
[N+]=c1ccc2c(-c3ccc(C(=S)N4CCCCC4)s3)c3cc4c5c(c3[te]c-2c1)CCCN5CCC4,1,434
[N+]=c1ccc2c(-c3ccc(C(=S)N4CCCCC4)s3)c3cc4c5c(c3[se]c-2c1)CCCN5CCC4,1,435
[N+]=c1ccc2c(-c3ccc(C(=S)N4CCCCC4)s3)c3ccccc3[se]c-2c1,1,436
[N+]=c1ccc2c(-c3ccccc3)c3cc4c5c(c3sc-2c1)CCCN5CCC4,1,437
[N+]=c1ccc2c(-c3ccccc3)c3ccccc3[se]c-2c1,1,438
[N+]=c1ccc2c(-c3ccccc3)c3ccccc3sc-2c1,1,439
O=C1CNC(=O)CNC(=O)CNC(=O)CNC(=O)CNC(=O)[C@H](C2CCCCC2)NC(=O)CNC(=O)CNC(=O)CNC(=O)CNC(=O)CN1,1,440
O=C1C2C3c4ccccc4C(c4ccccc43)C2C(=O)N1CCCNCCc1ccccc1,1,441
O=C1C2C3c4ccccc4C(c4ccccc43)C2C(=O)N1CC#CCNCCc1ccccc1,1,442
O=C(CCCCCCc1cn(CCCCC(=O)O[C@H](c2ccnc3ccccc23)[C@@H]2CC3CCN2CC3)nn1)O[C@H](c1ccnc2ccccc12)[C@@H]1CC2CCN1CC2,1,443
O=C1CNC(=O)CNC(=O)CNC(=O)CNC(=O)CNC(=O)[C@H](CC2CCCCC2)NC(=O)CNC(=O)CNC(=O)CNC(=O)CNC(=O)CN1,1,444
c1ccc(CN2C3C4C5C3[C@H](c3ccccc3)C3C2C(C3N5Cc2ccccc2)[C@H]4c2ccccc2)cc1,1,445
O=C(Oc1ccccc1)N1C2C3C4C2[C@H](c2ccccc2)C2C1C(C2N4C(=O)Oc1ccccc1)[C@H]3c1ccccc1,1,446
c1ccc([C@H]2C3C4NC5C2C2NC3C4[C@H](c3ccccc3)C52)cc1,1,447
O=C1CNC(=O)CNC(=O)[C@@H]2CCCN2C(=O)CNC(=O)[C@H](Cc2ccc(OCC3CCCCC3)cc2)NC(=O)CNC(=O)COC(=O)CNC(=O)CN1,1,448
O=C1CNC(=O)COC(=O)CNC(=O)[C@@H]2CCCN2C(=O)[C@H](Cc2ccccc2)NC(=O)[C@H](Cc2ccccc2)NC(=O)CNC(=O)COC(=O)CN1,1,449
O=C1CNC(=O)CNC(=O)[C@@H]2CCCN2C(=O)[C@@H](Cc2ccccc2)NC(=O)[C@H](Cc2ccccc2)NC(=O)CNC(=O)COC(=O)CNC(=O)CN1,1,450
O=C1CNC(=O)CNC(=O)[C@@H]2CCCN2C(=O)[C@H](Cc2ccccc2)NC(=O)[C@H](C2CCCCC2)NC(=O)CNC(=O)COC(=O)CNC(=O)CN1,1,451
O=C1CNC(=O)CNC(=O)[C@@H]2CCCN2C(=O)[C@H](Cc2ccccc2)NC(=O)[C@H](Cc2ccccc2)NC(=O)CNC(=O)COC(=O)[C@@]2(CO2)NC(=O)CN1,1,452
O=C1CNC(=O)CNC(=O)[C@@H]2CCCN2C(=O)CNC(=O)[C@H](C2CCCCC2)NC(=O)CNC(=O)COC(=O)CNC(=O)CN1,1,453
C=C1NC(=O)CNC(=O)CNC(=O)CNC(=O)[C@@H]2CCCN2C(=O)[C@H](Cc2ccccc2)NC(=O)[C@H](Cc2ccccc2)NC(=O)CNC(=O)COC1=O,1,454
O=C1CCCCCCCNC(=O)CNC(=O)COC(=O)CNC(=O)CNC(=O)CNC(=O)CN1,1,455
c1ccc(CCc2ccccc2OCCCN2CCN(c3ncccn3)CC2)cc1,1,456
c1ccc(CCc2ccccc2OCCCCCN2CCN(c3ncccn3)CC2)cc1,1,457
c1ccc(CCc2ccccc2OCCCN2CCNCC2)cc1,1,458
c1ccc(CCc2ccccc2OCCCCCN2CCNCC2)cc1,1,459
O=C(CCCCCCn1cc(CCCCC(=O)O[C@H](c2ccnc3ccccc23)[C@@H]2CC3CCN2CC3)nn1)O[C@H](c1ccnc2ccccc12)[C@@H]1CC2CCN1CC2,1,460
O=C(CCCCc1cn(CCCCC(=O)O[C@H](c2ccnc3ccccc23)[C@@H]2CC3CCN2CC3)nn1)O[C@H](c1ccnc2ccccc12)[C@@H]1CC2CCN1CC2,1,461
O=C(CCCCCCn1cc(CCC(=O)O[C@H](c2ccnc3ccccc23)[C@@H]2CC3CCN2CC3)nn1)O[C@H](c1ccnc2ccccc12)[C@@H]1CC2CCN1CC2,1,462
O=C(CCCCn1cc(CCC(=O)O[C@H](c2ccnc3ccccc23)[C@@H]2CC3CCN2CC3)nn1)O[C@H](c1ccnc2ccccc12)[C@@H]1CC2CCN1CC2,1,463
O=C(CCc1cn(CCC(=O)O[C@H](c2ccnc3ccccc23)[C@@H]2CC3CCN2CC3)nn1)O[C@H](c1ccnc2ccccc12)[C@@H]1CC2CCN1CC2,1,464
O=C(NCCCCCNC(=O)[C@@H]1C[C@@H](OCC2CCCCC2)CN1)OCc1ccccc1,1,465
O=C(NCCCCCNC(=O)[C@@H]1C[C@@H](OCc2ccccc2)CN1)OCc1ccccc1,1,466
O=C(NCCCCCNC(=O)[C@@H]1C[C@@H](OC(=O)C2CCCCC2)CN1)OCc1ccccc1,1,467
O=C(NCCCCCNC[C@@H]1C[C@@H](OCc2ccccc2)CN1)OCc1ccccc1,1,468
O=C(CCCN1CCC(OC(c2ccccc2)c2ccccc2)CC1)c1ccccc1,1,469
C1=C2C/C=C\CC/C=C/C[C@H](CC1)C2,1,470
O=C1/C=C/C[C@H]2CC(=C[C@H](OC(=O)c3ccccc3)C2)C/C=C\CO1,1,471
O=C(CCC(=O)OCc1ccccc1)NCCCCCNC(=O)OCc1ccccc1,1,472
O=C1NCCN1CCN1CCC(c2cn(-c3ccccc3)c3ccccc23)CC1,1,473
c1ccc(Nc2nccc(Oc3ccccc3)n2)cc1,1,474
O=C(CCc1ccccc1)CS(=O)(=O)c1ccccc1,1,475
C1=CCCCC1,1,476
O=C1CC2Oc3c(ccc4c3CC[C@@H](c3ccccc3)O4)C2C2=C1CC[C@@H](c1ccccc1)O2,1,477
c1ccc(CCCCNCc2ccc(-c3ccccn3)cc2)cc1,1,478
O=C(N[C@H](CCNS(=O)(=O)c1ccc2c(c1)OCO2)Cc1ccc(OCc2cscn2)cc1)O[C@H]1CO[C@H]2OCC[C@@H]12,1,479
O=C(Nc1ccc(CCN2CCc3ccccc3C2)cc1)c1ccc2c(c1)OCO2,1,480
O=C(Nc1ccc(CCN2CCc3ccccc3C2)cc1)c1ccc2ccccc2n1,1,481
[N+]=c1ccc2c(-c3ccc(C(=S)N4CCOCC4)s3)c3cc4c5c(c3[se]c-2c1)CCCN5CCC4,1,482
c1ccc(CCc2ccccc2OCCCCCN2CCc3ccccc3C2)cc1,1,483
c1ccc(CCc2ccccc2OCCN2CCc3ccccc3C2)cc1,1,484
O=C(/C=C/c1ccccc1)O[C@H]1CC[C@H](N[C@H]2CC[C@@H](OC(=O)CCCc3ccccc3)CC2)CC1,1,485
O=C(/C=C/c1ccccc1)O[C@H]1CC[C@@H](N[C@H]2CC[C@@H](OC(=O)CCCc3ccccc3)CC2)CC1,1,486
O=C(/C=C/c1ccccc1)O[C@H]1CC[C@H](N[C@H]2CC[C@H](OC(=O)CCCc3ccccc3)CC2)CC1,1,487
C(=N\Nc1nnc(-n2cccn2)nn1)\c1cccnc1,1,488
c1ccc(CN2CCc3c(sc4ncncc34)C2)cc1,1,489
c1ccc(CCSc2ncc3c4c(sc3n2)COCC4)cc1,1,490
c1ncc2c3c(sc2n1)COCC3,1,491
c1ccc(CCSc2ncc3c4c(sc3n2)CCC4)cc1,1,492
c1ncc2c3c(sc2n1)CCC3,1,493
O=C(CSc1ncc2c3c(sc2n1)CCCC3)c1ccccc1,1,494
c1ccc(CCSc2ncc3c4c(sc3n2)CCCC4)cc1,1,495
C(\CCN1CCCCC1)=C1\CCCc2ccccc21,1,496
C(CCN1CCc2ccccc2C1)=C1CCCCC1,1,497
c1ccc2c(c1)CCCC2CCCN1CCN(C2CCCCC2)CC1,1,498
C1=CC(c2ccccc2)c2c(-c3ccccc3)n[nH]c2O1,1,499
O=C(Nc1ccccc1)C1=CNC(=S)NC1c1cccs1,1,500
C(\CCN1CCc2ccccc2C1)=C1\CCCc2ccccc21,1,501
O=C(/C=C/c1ccccc1)O[C@H]1CC[C@@H](N[C@H]2CC[C@H](OC(=O)CCCc3ccccc3)CC2)CC1,1,502
N=C(CCc1ccccc1)c1c[nH]n(-c2ccccc2)c1=O,1,503
N=C(c1ccccc1)c1c[nH][nH]c1=O,1,504
O=C(Nc1ccccc1C(=O)NC[C@@H]1CCCN1CCc1ccccc1)c1cnc2ccccc2c1,1,505
O=C(Nc1ccccc1C(=O)NC[C@H]1CCCN1CCc1ccccc1)c1cnc2ccccc2c1,1,506
O=C(Nc1ccccc1C(=O)N[C@@H]1CCCC[C@@H]1N1CCN(c2ccccc2)CC1)c1cnc2ccccc2c1,1,507
O=C1c2ccccc2NC(c2ccccc2)N1c1ccc(Oc2ccccc2)cc1,1,508
O=C1c2ccccc2NC(c2ccc3c(c2)OCO3)N1c1ccccc1,1,509
O=C(Nc1ccc2nc(SCc3ccccc3)sc2c1)c1cccc2ccccc12,1,510
O=C(NCc1cccc(-n2c(=O)c3conc3c3ccccc32)c1)c1ccccc1,1,511
O=C(c1ccccc1)c1cnn(-c2ccccc2)c1,1,512
O=C(CCc1ccccc1)c1cnn(-c2ccccc2)c1,1,513
O=C(CCc1ccccc1)c1cn(CCCN2CCN(c3ccccc3)CC2)n(-c2ccccc2)c1=O,1,514
O=C(c1ccccc1)c1cc(N(S(=O)(=O)c2ccccc2)S(=O)(=O)c2ccccc2)ccc1NC(=O)C(c1ccccc1)N1CCNCC1,1,515
O=C(Nc1ccc(NC(=O)C(c2ccccc2)N2CCNCC2)c(C(=O)c2ccccc2)c1)c1ccc2ccccc2c1,1,516
c1ccc(CCSc2ncc3ccsc3n2)cc1,1,517
O=C(CCc1ccccc1)Nc1ccc(NC(=O)C(c2ccccc2)N2CCNCC2)c(C(=O)c2ccccc2)c1,1,518
O=C(OCc1ccccc1)c1ccc(N2CCCC2)cc1,1,519
O=C(Nc1ccccc1)c1cccc(-n2cccn2)n1,1,520
C(/C=C/c1[nH+]c2c(ccc3ccccc32)o1)=C1\Nc2c(ccc3ccccc23)O1.c1ccccc1,1,521
O=S(=O)(c1ccccc1)c1[nH+]onc1-c1ccccc1,1,522
c1ccc(/N=N/c2c[nH]c3ccccc23)nc1,1,523
O=C(/C=C/c1cn(-c2ccccc2)nc1-c1ccccc1)N1CCN(c2ccccn2)CC1,1,524
O=C(CSc1ncccn1)Nc1cc2c(s1)CN(Cc1ccccc1)CC2,1,525
O=C(Nc1ccccc1)c1cccc2c1C(=O)NC2,1,526
O=C(Nc1ccccc1N1CCOCC1)c1cccc(CN2C(=O)c3ccccc3C2=O)c1,1,527
O=C(N/N=C/c1cccc(CN2CCN(c3ccccc3)CC2)c1)c1cccnc1,1,528
O=S(=O)(c1ccccc1)c1no[nH+]c1-c1ccccc1,1,529
O=C(Nc1ccccc1[PH](=O)Nc1ccccc1)c1ccco1,1,530
O=C(Nc1ccccc1)c1cnc2ccccc2n1,1,531
O=C(COc1ccc(-c2ccccc2)cc1)NCCc1ccccc1,1,532
c1ccc(-c2nc(-c3ccco3)no2)cc1,1,533
O=C(Nc1ccc(NC(=O)C(c2ccccc2)N2CCNCC2)c(C(=O)c2ccccc2)c1)c1cccnc1,1,534
O=C(c1ccccc1)c1cc(NC(=O)N2CCCCC2)ccc1NC(=O)C(c1ccccc1)N1CCNCC1,1,535
O=C(CCc1ccccc1)Nc1ccc(NC(=O)CN2CCNCC2)c(C(=O)c2ccccc2)c1,1,536
O=C(c1ccccc1)c1cc(NS(=O)(=O)c2ccccc2)ccc1NC(=O)C(c1ccccc1)N1CCNCC1,1,537
O=C(CN1CCNCC1)Nc1ccc(NC(=O)c2ccc3ccccc3c2)cc1C(=O)c1ccccc1,1,538
c1ccc(-c2c[nH+]on2)cc1,1,539
O=C(CSc1ncc2ccsc2n1)c1ccccc1,1,540
O=C(Cc1ccccc1)Nc1ccc(NC(=O)C(c2ccccc2)N2CCNCC2)c(C(=O)c2ccccc2)c1,1,541
O=C(Nc1ccc(NC(=O)C(c2ccccc2)N2CCNCC2)c(C(=O)c2ccccc2)c1)c1ccccc1,1,542
O=C(c1ccccc1)c1cc(NC(=O)c2cccc3ccccc23)ccc1NC(=O)C(c1ccccc1)N1CCNCC1,1,543
O=C(NCc1cccc(-n2c(=O)c3conc3c3ccccc32)c1)c1ccon1,1,544
O=c1c2conc2c2ccccc2n1-c1cccc(CCOc2ccccc2)c1,1,545
O=c1c2conc2c2ccccc2n1-c1cccc(CNCc2ccccc2)c1,1,546
O=C(c1cc(=O)c2c(OCc3ccccc3)cccc2o1)N1CCN(Cc2ccccc2)CC1,1,547
O=C(c1cc(=O)c2ccccc2o1)N1CCN(CCc2ccccc2)CC1,1,548
O=C(/C=C/c1ccccc1)c1ccc2ccccc2c1,1,549
O=c1ccc2cc3c(cc2o1)OCC=C3,1,550
O=C(C=Cc1ccccc1)c1ccc2occc2c1,1,551
O=C(CCCCCCCCC(=O)O[C@H]1C=C[C@@]23CNCCc4cccc(c42)O[C@H]3C1)O[C@H]1C=C[C@@]23CNCCc4cccc(c42)O[C@H]3C1,1,552
O=C(NCCCN1CCOCC1)c1cnn2c(-c3ccccc3)cc(-c3ccccc3)nc12,1,553
O=c1cc(N2CCN(CCc3ccccc3)CC2)oc2ccccc12,1,554
O=C1C(c2ccccc2)=C(c2ccccc2)C(=O)N1C(=O)c1ccccc1,1,555
O=C(CN1CCN(C(=O)N2C(=O)C(c3ccccc3)=C(c3ccccc3)C2=O)CC1)c1ccc(OCc2ccccc2)cc1,1,556
O=C(CN1CCN(C(=O)N2C(=O)C(c3ccccc3)=C(c3ccccc3)C2=O)CC1)c1ccccc1,1,557
O=C(/C=C/C=C/c1ccccc1)/C=C/c1ccccc1,1,558
O=c1ccc2ccc3c(c2o1)CCCO3,1,559
C1=CN(Cc2ccccc2)c2ccccc2C1c1ccccc1,1,560
O=C1C[C@@H](c2ccccc2)Oc2ccccc21,1,561
O=C(/C=C/c1ccccc1)O[C@@H]1Cc2ccccc2O[C@@H]1c1ccccc1,1,562
O=S(=O)(Nc1ccc(-c2cccnc2)cc1)c1ccccc1,1,563
O=C(Nc1ccc(-c2cccnc2)cc1)c1cccnc1,1,564
O=C1c2ccccc2CC1CC1CCN(Cc2ccccc2)CC1,1,565
O=C1CNC(=O)CNC(=O)CNC(=O)CNC(=O)CNC(=O)[C@H](CCN2CCNCC2)NC(=O)CNC(=O)CNC(=O)CNC(=O)CNC(=O)CN1,1,566
O=C(NCc1nc(C(=O)NCc2nccs2)cs1)c1ccccc1,1,567
O=C(/C=C/c1ccccc1)O[C@H]1CC[C@H](N[C@H]2CC[C@@H](OC(=O)c3ccccc3)CC2)CC1,1,568
O=C(/C=C/c1ccccc1)O[C@H]1CC[C@H](N[C@H]2CC[C@H](OC(=O)c3ccccc3)CC2)CC1,1,569
O=C(/C=C/c1ccccc1)O[C@H]1CC[C@@H](N[C@H]2CC[C@@H](OC(=O)c3ccccc3)CC2)CC1,1,570
O=C(CCC(=O)OC[C@@H]1C=C[C@H](n2cnc3c(NC4CC4)ncnc32)C1)OC[C@@H]1C=C[C@H](n2cnc3c(NC4CC4)ncnc32)C1,1,571
O=C(/C=C/c1ccccc1)O[C@H]1CC[C@@H](N[C@H]2CC[C@H](OC(=O)c3ccccc3)CC2)CC1,1,572
O=C(c1cc(=O)c2ccccc2o1)N1CCN(Cc2ccccc2)CC1,1,573
O=c1c2ccccc2n(CCCN2CCOCC2)c2ccccc12,1,574
O=C(N[C@H]1CCc2ccc(-n3c(=O)c4conc4c4ccccc43)cc21)c1ccon1,1,575
O=c1c2ccccc2n(CCCN2CCCCC2)c2ccccc12,1,576
c1ccc(CCc2ccccc2OCc2cccnc2)cc1,1,577
C=C1C[C@H](CC[C@H]2CC[C@H]3/C(=C/C=C4/CCCCC4=C)CCCC23)OC1=O,1,578
O=C(Cc1cccc(-n2c(=O)c3conc3c3ccccc32)c1)Nc1ccc2c(c1)OCO2,1,579
O=c1ccc2ccc3c(c2o1)CCO3,1,580
O=C(Nc1ccccc1-c1nnn(-c2cccnc2)n1)c1ccccc1,1,581
O=C(Nc1ccccc1-c1nnn(-c2ccccc2)n1)c1ccccn1,1,582
O=C(Nc1ccccc1-c1nnn(-c2ccccc2)n1)C12CC3CC(CC(C3)C1)C2,1,583
O=C(Nc1ccccc1-n1cc(-c2ccccc2)nn1)c1ccccc1,1,584
O=C(OCc1cn(CCc2ccccc2)nn1)C1=CNC=CC1c1conc1-c1ccccc1,1,585
O=C(OCc1cn(CCOCCOCCn2cc(COC(=O)C3=CNC=CC3c3conc3-c3ccccc3)nn2)nn1)C1=CNC=CC1c1conc1-c1ccccc1,1,586
O=C(Nc1ccccc1OCc1cn(CCN2CCc3ccccc3C2)nn1)c1ccccc1,1,587
O=C(CCCCCCCCCCC(=O)OC[C@@H]1CC[C@H](n2ccc(=O)[nH]c2=O)O1)OC[C@@H]1CC[C@H](n2ccc(=O)[nH]c2=O)O1,1,588
O=C(OCc1cn(CCOCCOCCOCCn2cc(COC(=O)C3=CNC=CC3c3conc3-c3ccccc3)nn2)nn1)C1=CNC=CC1c1conc1-c1ccccc1,1,589
O=C1C[C@@H]2CCN[C@@H](Cc3c1n(Cc1ccccc1)c1ccccc31)C2,1,590
O=C1C[C@@H]2CCN[C@@H](Cc3c1[nH]c1ccccc31)C2,1,591
O=C(NC(Cc1ccccc1)c1nc(C(=O)NC2CCCCC2)cs1)c1ccccc1,1,592
c1ccc2c3c([nH]c2c1)CC[C@@H]1CCN[C@@H](C3)C1,1,593
O=C(NCc1nc(C(=O)NC2CCCCC2)cs1)c1ccccc1,1,594
S=C1C[C@@H]2CCN[C@@H](Cc3c1[nH]c1ccccc31)C2,1,595
S=C(NCc1cccnc1)N/N=C1\C[C@@H]2CCN[C@@H](Cc3c1[nH]c1ccccc31)C2,1,596
O=C(N/N=C1\C[C@@H]2CCN[C@@H](Cc3c1[nH]c1ccccc31)C2)OCc1ccccc1,1,597
O=c1c2ccccc2n(CCCCN2CCCCC2)c2ccccc12,1,598
c1ccc2c3c([nH]c2c1)/C(=N/Nc1cnccn1)C[C@@H]1CCN[C@@H](C3)C1,1,599
O=c1c2ccccc2n(CCCCN2CCOCC2)c2ccccc12,1,600
O=C(NNC(=O)c1ccccc1-c1ccccc1)c1ccccc1,1,601
O=c1cc(-c2ccccc2)oc2cc(OCc3ccccc3)ccc12,1,602
